id,firstname,lastname,email,country,profession
1000,Diena,Burkle,Diena.Burkle@yopmail.com,Lebanon,police officer
1001,Jasmina,Kirstin,Jasmina.Kirstin@yopmail.com,Western Sahara,developer
1002,Valera,Martguerita,Valera.Martguerita@yopmail.com,Tajikistan,developer
1003,Lynea,Raimondo,Lynea.Raimondo@yopmail.com,Sweden,worker
1004,Hettie,Kaete,Hettie.Kaete@yopmail.com,Botswana,firefighter
1005,Ayn,Fancie,Ayn.Fancie@yopmail.com,Cyprus,doctor
1006,Marinna,Janith,Marinna.Janith@yopmail.com,Saint Lucia,developer
1007,Roseline,Leonard,Roseline.Leonard@yopmail.com,Malaysia,developer
1008,Leontine,Iiette,Leontine.Iiette@yopmail.com,Poland,doctor
1009,Kimberley,Cloris,Kimberley.Cloris@yopmail.com,Suriname,doctor
1010,Orsola,Ranjiv,Orsola.Ranjiv@yopmail.com,Nigeria,developer
1011,Elka,Hamil,Elka.Hamil@yopmail.com,Denmark,doctor
1012,Marika,Larochelle,Marika.Larochelle@yopmail.com,Pakistan,firefighter
1013,Beatriz,Lanita,Beatriz.Lanita@yopmail.com,Russian Federation,developer
1014,Damaris,Kinnard,Damaris.Kinnard@yopmail.com,"Iran, Islamic Republic Of",developer
1015,Helena,Kannry,Helena.Kannry@yopmail.com,Singapore,doctor
1016,Annora,MacIntosh,Annora.MacIntosh@yopmail.com,France,worker
1017,Isa,Franza,Isa.Franza@yopmail.com,Swaziland,police officer
1018,Katharina,Orpah,Katharina.Orpah@yopmail.com,Grenada,doctor
1019,Melina,Pauly,Melina.Pauly@yopmail.com,Oman,police officer
1020,Bertine,Havens,Bertine.Havens@yopmail.com,Palau,doctor
1021,Janis,Marsden,Janis.Marsden@yopmail.com,Madagascar,doctor
1022,Beverley,Zeeba,Beverley.Zeeba@yopmail.com,Northern Mariana Islands,firefighter
1023,Dulcinea,Latini,Dulcinea.Latini@yopmail.com,Armenia,developer
1024,Allyce,Sholley,Allyce.Sholley@yopmail.com,Armenia,doctor
1025,Gwyneth,Nedrud,Gwyneth.Nedrud@yopmail.com,Russian Federation,doctor
1026,Lisette,Concha,Lisette.Concha@yopmail.com,Nigeria,doctor
1027,Candi,Shelba,Candi.Shelba@yopmail.com,Japan,developer
1028,Jere,Quent,Jere.Quent@yopmail.com,Isle of Man,police officer
1029,Aeriela,Suzetta,Aeriela.Suzetta@yopmail.com,Sao Tome and Principe,worker
1030,Annora,Edmund,Annora.Edmund@yopmail.com,Faroe Islands,developer
1031,Marylou,Suzetta,Marylou.Suzetta@yopmail.com,Wallis and Futuna,worker
1032,Wanda,Felecia,Wanda.Felecia@yopmail.com,Armenia,developer
1033,Merle,Abernon,Merle.Abernon@yopmail.com,Norway,firefighter
1034,Alameda,Alejoa,Alameda.Alejoa@yopmail.com,Niue,police officer
1035,Amelia,Raimondo,Amelia.Raimondo@yopmail.com,Bosnia and Herzegovina,doctor
1036,Karlee,Abbot,Karlee.Abbot@yopmail.com,Montserrat,police officer
1037,Imojean,Diogenes,Imojean.Diogenes@yopmail.com,Canada,police officer
1038,Gianina,Ferrell,Gianina.Ferrell@yopmail.com,Montserrat,worker
1039,Korrie,Letsou,Korrie.Letsou@yopmail.com,Botswana,police officer
1040,Pollyanna,Craggie,Pollyanna.Craggie@yopmail.com,Monaco,doctor
1041,Caritta,Pond,Caritta.Pond@yopmail.com,Cameroon,worker
1042,Winifred,Baylor,Winifred.Baylor@yopmail.com,Mayotte,developer
1043,Adelle,Prober,Adelle.Prober@yopmail.com,Vanuatu,worker
1044,Margalo,O'Rourke,Margalo.O'Rourke@yopmail.com,Brazil,doctor
1045,Danika,Dorothy,Danika.Dorothy@yopmail.com,Guernsey,firefighter
1046,Kate,Dreda,Kate.Dreda@yopmail.com,Mauritius,doctor
1047,Brietta,Bonucci,Brietta.Bonucci@yopmail.com,Malta,doctor
1048,Leeanne,Quinn,Leeanne.Quinn@yopmail.com,Papua New Guinea,doctor
1049,Josephine,Meli,Josephine.Meli@yopmail.com,Gibraltar,worker
1050,Cindelyn,Pillsbury,Cindelyn.Pillsbury@yopmail.com,Antarctica,developer
1051,Iseabal,Natalia,Iseabal.Natalia@yopmail.com,Chile,firefighter
1052,Bee,Sperling,Bee.Sperling@yopmail.com,Bahrain,police officer
1053,Amalie,Sekofski,Amalie.Sekofski@yopmail.com,Iraq,doctor
1054,Corry,Redmond,Corry.Redmond@yopmail.com,Cocos (Keeling) Islands,developer
1055,Ardenia,Palocz,Ardenia.Palocz@yopmail.com,Ethiopia,police officer
1056,Lizzie,Krystle,Lizzie.Krystle@yopmail.com,Nicaragua,developer
1057,Melisent,Dituri,Melisent.Dituri@yopmail.com,Cyprus,police officer
1058,Raf,Viddah,Raf.Viddah@yopmail.com,Qatar,worker
1059,Jany,Ursulette,Jany.Ursulette@yopmail.com,Brunei Darussalam,doctor
1060,Mamie,Even,Mamie.Even@yopmail.com,France,firefighter
1061,Anthia,Edvard,Anthia.Edvard@yopmail.com,Indonesia,developer
1062,Juliane,Bultman,Juliane.Bultman@yopmail.com,British Indian Ocean Territory,doctor
1063,Adriana,Henebry,Adriana.Henebry@yopmail.com,Afghanistan,police officer
1064,Felice,Milson,Felice.Milson@yopmail.com,Solomon Islands,police officer
1065,Molli,Burnside,Molli.Burnside@yopmail.com,Gibraltar,police officer
1066,Lynnea,Salvidor,Lynnea.Salvidor@yopmail.com,Liechtenstein,developer
1067,Nikki,Masao,Nikki.Masao@yopmail.com,Kenya,worker
1068,Tani,Weaks,Tani.Weaks@yopmail.com,Western Sahara,firefighter
1069,Alyssa,Randene,Alyssa.Randene@yopmail.com,American Samoa,police officer
1070,Nessie,Ajay,Nessie.Ajay@yopmail.com,Pakistan,developer
1071,Harrietta,Phaidra,Harrietta.Phaidra@yopmail.com,Sudan,police officer
1072,Camile,Infield,Camile.Infield@yopmail.com,Spain,firefighter
1073,Deloria,Chobot,Deloria.Chobot@yopmail.com,Isle of Man,doctor
1074,Max,Kare,Max.Kare@yopmail.com,Bolivia,developer
1075,Lynnea,Fancie,Lynnea.Fancie@yopmail.com,Belgium,firefighter
1076,Brana,Buttaro,Brana.Buttaro@yopmail.com,Tunisia,worker
1077,Almeta,Sancho,Almeta.Sancho@yopmail.com,Cayman Islands,police officer
1078,Selia,Land,Selia.Land@yopmail.com,Panama,police officer
1079,Britni,Anyah,Britni.Anyah@yopmail.com,Turkmenistan,police officer
1080,Kenna,Ethban,Kenna.Ethban@yopmail.com,China,police officer
1081,Correy,Elvyn,Correy.Elvyn@yopmail.com,Faroe Islands,worker
1082,Linet,Alejoa,Linet.Alejoa@yopmail.com,Colombia,police officer
1083,Nelle,Gualtiero,Nelle.Gualtiero@yopmail.com,AndorrA,developer
1084,Katharina,Gillan,Katharina.Gillan@yopmail.com,Yemen,police officer
1085,Georgina,Drisko,Georgina.Drisko@yopmail.com,Cook Islands,doctor
1086,Shaine,Dorothy,Shaine.Dorothy@yopmail.com,"Congo, The Democratic Republic of the",firefighter
1087,Nataline,Evvie,Nataline.Evvie@yopmail.com,Saint Kitts and Nevis,police officer
1088,Bobbi,Dudley,Bobbi.Dudley@yopmail.com,Mauritania,police officer
1089,Amelia,Ranjiv,Amelia.Ranjiv@yopmail.com,Belgium,firefighter
1090,Hildegaard,Isacco,Hildegaard.Isacco@yopmail.com,Burundi,doctor
1091,Danika,Bearnard,Danika.Bearnard@yopmail.com,Algeria,worker
1092,Aimil,Heisel,Aimil.Heisel@yopmail.com,Jersey,doctor
1093,Kelly,Letsou,Kelly.Letsou@yopmail.com,Turkmenistan,police officer
1094,Danika,Stelle,Danika.Stelle@yopmail.com,Uruguay,developer
1095,Helsa,Talia,Helsa.Talia@yopmail.com,Ireland,firefighter
1096,Cristabel,Kermit,Cristabel.Kermit@yopmail.com,Madagascar,doctor
1097,Rochette,Birdella,Rochette.Birdella@yopmail.com,United Arab Emirates,doctor
1098,Gerrie,Weitman,Gerrie.Weitman@yopmail.com,Antigua and Barbuda,firefighter
1099,Rosene,Sinegold,Rosene.Sinegold@yopmail.com,Thailand,doctor
1100,Berget,Fulmer,Berget.Fulmer@yopmail.com,Costa Rica,doctor
1101,Jenilee,Rolf,Jenilee.Rolf@yopmail.com,Åland Islands,police officer
1102,Brooks,Lasley,Brooks.Lasley@yopmail.com,Guam,firefighter
1103,Alie,Leary,Alie.Leary@yopmail.com,Bahamas,firefighter
1104,Gerianna,Lacombe,Gerianna.Lacombe@yopmail.com,Togo,doctor
1105,Wanda,Garek,Wanda.Garek@yopmail.com,Gabon,developer
1106,Vita,Lail,Vita.Lail@yopmail.com,"Taiwan, Province of China",developer
1107,Tabbatha,Riordan,Tabbatha.Riordan@yopmail.com,Uganda,police officer
1108,Luci,Hedve,Luci.Hedve@yopmail.com,Cuba,worker
1109,Luci,Wyn,Luci.Wyn@yopmail.com,Philippines,developer
1110,Gretal,Gualtiero,Gretal.Gualtiero@yopmail.com,Ukraine,police officer
1111,Averyl,Prober,Averyl.Prober@yopmail.com,Nepal,worker
1112,Jennica,Deny,Jennica.Deny@yopmail.com,China,police officer
1113,Gusella,Kermit,Gusella.Kermit@yopmail.com,Colombia,worker
1114,Yvonne,Voletta,Yvonne.Voletta@yopmail.com,Kuwait,developer
1115,Cyndie,Tannie,Cyndie.Tannie@yopmail.com,Honduras,police officer
1116,Emma,Sallyann,Emma.Sallyann@yopmail.com,"Congo, The Democratic Republic of the",police officer
1117,Verla,Arne,Verla.Arne@yopmail.com,Bermuda,developer
1118,Augustine,Hoban,Augustine.Hoban@yopmail.com,China,developer
1119,Dolli,Maribeth,Dolli.Maribeth@yopmail.com,Slovenia,doctor
1120,Roseline,Caitlin,Roseline.Caitlin@yopmail.com,Morocco,police officer
1121,Allyce,Rooney,Allyce.Rooney@yopmail.com,Luxembourg,firefighter
1122,Clarice,Mott,Clarice.Mott@yopmail.com,Indonesia,doctor
1123,Elmira,Wilkinson,Elmira.Wilkinson@yopmail.com,Madagascar,doctor
1124,Bobinette,Kiersten,Bobinette.Kiersten@yopmail.com,Saint Kitts and Nevis,firefighter
1125,Candi,Hanleigh,Candi.Hanleigh@yopmail.com,AndorrA,doctor
1126,Orelia,Desai,Orelia.Desai@yopmail.com,"Iran, Islamic Republic Of",doctor
1127,Robinia,Verger,Robinia.Verger@yopmail.com,American Samoa,worker
1128,Gilligan,Longfellow,Gilligan.Longfellow@yopmail.com,Tuvalu,worker
1129,Selia,Nickola,Selia.Nickola@yopmail.com,"Micronesia, Federated States of",developer
1130,Bobbi,Johnsson,Bobbi.Johnsson@yopmail.com,Senegal,police officer
1131,Johna,Glovsky,Johna.Glovsky@yopmail.com,Samoa,worker
1132,Chrystel,Killigrew,Chrystel.Killigrew@yopmail.com,Chad,police officer
1133,Sheelagh,Lytton,Sheelagh.Lytton@yopmail.com,Tuvalu,developer
1134,Codie,Socha,Codie.Socha@yopmail.com,Morocco,developer
1135,Florie,Krystle,Florie.Krystle@yopmail.com,Guinea-Bissau,firefighter
1136,Emilia,Odysseus,Emilia.Odysseus@yopmail.com,Georgia,doctor
1137,Teddie,Hollingsworth,Teddie.Hollingsworth@yopmail.com,Falkland Islands (Malvinas),worker
1138,Dotty,Avi,Dotty.Avi@yopmail.com,Bahamas,firefighter
1139,Lexine,Edvard,Lexine.Edvard@yopmail.com,Dominica,firefighter
1140,Ofilia,Geffner,Ofilia.Geffner@yopmail.com,Netherlands Antilles,police officer
1141,Nariko,Claudine,Nariko.Claudine@yopmail.com,Estonia,doctor
1142,Aryn,Nerita,Aryn.Nerita@yopmail.com,Suriname,worker
1143,Josephine,Doig,Josephine.Doig@yopmail.com,Guyana,doctor
1144,Theodora,Mandler,Theodora.Mandler@yopmail.com,Kazakhstan,worker
1145,Korrie,Wareing,Korrie.Wareing@yopmail.com,San Marino,doctor
1146,Mamie,Nadia,Mamie.Nadia@yopmail.com,Swaziland,developer
1147,Phedra,Slifka,Phedra.Slifka@yopmail.com,Tokelau,doctor
1148,Tamqrah,Ahab,Tamqrah.Ahab@yopmail.com,Kenya,firefighter
1149,Glenda,Garrison,Glenda.Garrison@yopmail.com,Tonga,police officer
1150,Keelia,Weide,Keelia.Weide@yopmail.com,Timor-Leste,police officer
1151,Myrtice,Goerke,Myrtice.Goerke@yopmail.com,"Korea, Republic of",developer
1152,Linzy,Saree,Linzy.Saree@yopmail.com,Turkmenistan,police officer
1153,Marika,Friede,Marika.Friede@yopmail.com,Bhutan,doctor
1154,Gerianna,Tound,Gerianna.Tound@yopmail.com,Germany,doctor
1155,Marti,Daegal,Marti.Daegal@yopmail.com,Armenia,police officer
1156,Carilyn,Shanley,Carilyn.Shanley@yopmail.com,Bermuda,firefighter
1157,Fidelia,Allina,Fidelia.Allina@yopmail.com,Samoa,firefighter
1158,Jessy,Darbie,Jessy.Darbie@yopmail.com,Timor-Leste,worker
1159,Cherrita,Abbot,Cherrita.Abbot@yopmail.com,AndorrA,doctor
1160,Zia,Lytton,Zia.Lytton@yopmail.com,Jersey,firefighter
1161,Chere,Posner,Chere.Posner@yopmail.com,Puerto Rico,doctor
1162,Nyssa,Ludewig,Nyssa.Ludewig@yopmail.com,Iceland,doctor
1163,Glenda,Loleta,Glenda.Loleta@yopmail.com,Wallis and Futuna,police officer
1164,Olivette,Gabrielli,Olivette.Gabrielli@yopmail.com,Kuwait,police officer
1165,Lelah,Justinn,Lelah.Justinn@yopmail.com,Cyprus,developer
1166,Lynde,Lattie,Lynde.Lattie@yopmail.com,Netherlands Antilles,firefighter
1167,Averyl,Freddi,Averyl.Freddi@yopmail.com,Dominican Republic,doctor
1168,Rosaline,Cornelia,Rosaline.Cornelia@yopmail.com,Netherlands,doctor
1169,Dorice,Cohdwell,Dorice.Cohdwell@yopmail.com,Northern Mariana Islands,worker
1170,Brana,Flyn,Brana.Flyn@yopmail.com,South Africa,police officer
1171,Elise,Birdella,Elise.Birdella@yopmail.com,American Samoa,firefighter
1172,Carilyn,Ortrude,Carilyn.Ortrude@yopmail.com,Tokelau,developer
1173,Helena,Nahum,Helena.Nahum@yopmail.com,Cocos (Keeling) Islands,worker
1174,Korrie,Claudine,Korrie.Claudine@yopmail.com,Cayman Islands,worker
1175,Odessa,Lory,Odessa.Lory@yopmail.com,Cocos (Keeling) Islands,police officer
1176,Kenna,Dom,Kenna.Dom@yopmail.com,Haiti,firefighter
1177,Rozele,Wadell,Rozele.Wadell@yopmail.com,Djibouti,firefighter
1178,Lanae,Japeth,Lanae.Japeth@yopmail.com,Netherlands,police officer
1179,Olivette,Kathie,Olivette.Kathie@yopmail.com,Chile,developer
1180,Robbi,Nicoline,Robbi.Nicoline@yopmail.com,Equatorial Guinea,developer
1181,Cyndie,Ulphia,Cyndie.Ulphia@yopmail.com,Sao Tome and Principe,doctor
1182,Hannis,Hathaway,Hannis.Hathaway@yopmail.com,Canada,doctor
1183,Vonny,Grosz,Vonny.Grosz@yopmail.com,"Cote D""Ivoire",worker
1184,Dominga,Alcott,Dominga.Alcott@yopmail.com,Eritrea,firefighter
1185,Daune,Alexandr,Daune.Alexandr@yopmail.com,Central African Republic,firefighter
1186,Mureil,Shelba,Mureil.Shelba@yopmail.com,Gibraltar,worker
1187,Belinda,Winthorpe,Belinda.Winthorpe@yopmail.com,Lithuania,police officer
1188,Monika,Poll,Monika.Poll@yopmail.com,Honduras,worker
1189,Collen,Gibbeon,Collen.Gibbeon@yopmail.com,United Kingdom,developer
1190,Randa,Edee,Randa.Edee@yopmail.com,Argentina,police officer
1191,Belinda,Anderea,Belinda.Anderea@yopmail.com,Western Sahara,police officer
1192,Jemie,Elephus,Jemie.Elephus@yopmail.com,Falkland Islands (Malvinas),developer
1193,Pollyanna,Thilda,Pollyanna.Thilda@yopmail.com,Netherlands Antilles,doctor
1194,Thalia,Laverne,Thalia.Laverne@yopmail.com,Uruguay,doctor
1195,Almeta,Malanie,Almeta.Malanie@yopmail.com,Qatar,developer
1196,Coral,Raul,Coral.Raul@yopmail.com,South Georgia and the South Sandwich Islands,worker
1197,Michaelina,Arathorn,Michaelina.Arathorn@yopmail.com,Estonia,worker
1198,Amara,Amand,Amara.Amand@yopmail.com,Georgia,police officer
1199,Hermione,An,Hermione.An@yopmail.com,Viet Nam,police officer
1200,Netty,Gavrila,Netty.Gavrila@yopmail.com,Bosnia and Herzegovina,firefighter
1201,Lory,Morehouse,Lory.Morehouse@yopmail.com,Barbados,police officer
1202,Xylina,Allare,Xylina.Allare@yopmail.com,Fiji,firefighter
1203,Patricia,Milde,Patricia.Milde@yopmail.com,Holy See (Vatican City State),doctor
1204,Rivalee,Maiah,Rivalee.Maiah@yopmail.com,"Virgin Islands, British",police officer
1205,Petronia,Maiah,Petronia.Maiah@yopmail.com,Belarus,firefighter
1206,Micheline,Montgomery,Micheline.Montgomery@yopmail.com,Spain,firefighter
1207,Valli,Dichy,Valli.Dichy@yopmail.com,Israel,developer
1208,Dagmar,Maurine,Dagmar.Maurine@yopmail.com,Kiribati,worker
1209,Jsandye,Dannye,Jsandye.Dannye@yopmail.com,Finland,firefighter
1210,Candy,Schroth,Candy.Schroth@yopmail.com,Seychelles,worker
1211,Basia,Nickola,Basia.Nickola@yopmail.com,Guadeloupe,police officer
1212,Jany,Buttaro,Jany.Buttaro@yopmail.com,Brazil,developer
1213,Melodie,Yuille,Melodie.Yuille@yopmail.com,Angola,doctor
1214,Melisent,Joachim,Melisent.Joachim@yopmail.com,Russian Federation,developer
1215,Myrtice,Nickola,Myrtice.Nickola@yopmail.com,Belgium,firefighter
1216,Melina,Lilybelle,Melina.Lilybelle@yopmail.com,Nicaragua,firefighter
1217,Arlina,Faust,Arlina.Faust@yopmail.com,Niger,doctor
1218,Blinni,Brian,Blinni.Brian@yopmail.com,Saint Vincent and the Grenadines,developer
1219,Lenna,Winnick,Lenna.Winnick@yopmail.com,Algeria,worker
1220,Christian,Douglass,Christian.Douglass@yopmail.com,Malta,firefighter
1221,Demetris,Markman,Demetris.Markman@yopmail.com,Guinea,developer
1222,Elfreda,Kelula,Elfreda.Kelula@yopmail.com,Benin,developer
1223,Jessamyn,Toor,Jessamyn.Toor@yopmail.com,Switzerland,firefighter
1224,Mary,Dorothy,Mary.Dorothy@yopmail.com,United States,doctor
1225,Eolanda,Hermes,Eolanda.Hermes@yopmail.com,Mozambique,police officer
1226,Oralee,Constancy,Oralee.Constancy@yopmail.com,Panama,police officer
1227,Averyl,Kronfeld,Averyl.Kronfeld@yopmail.com,Dominica,developer
1228,Melisent,Tomasina,Melisent.Tomasina@yopmail.com,Poland,police officer
1229,Mildrid,Lutero,Mildrid.Lutero@yopmail.com,Monaco,worker
1230,Alyda,Kaja,Alyda.Kaja@yopmail.com,French Polynesia,police officer
1231,Sonni,Sibyls,Sonni.Sibyls@yopmail.com,Cook Islands,police officer
1232,Lorne,Meter,Lorne.Meter@yopmail.com,French Southern Territories,doctor
1233,Paule,Horan,Paule.Horan@yopmail.com,Suriname,firefighter
1234,Bill,Fabiola,Bill.Fabiola@yopmail.com,Montserrat,doctor
1235,Harmonia,Cordi,Harmonia.Cordi@yopmail.com,Madagascar,police officer
1236,Peri,Etom,Peri.Etom@yopmail.com,British Indian Ocean Territory,developer
1237,Shirlee,Felizio,Shirlee.Felizio@yopmail.com,Ghana,police officer
1238,Feliza,Firmin,Feliza.Firmin@yopmail.com,Senegal,doctor
1239,Kimmy,Sallyann,Kimmy.Sallyann@yopmail.com,Antarctica,firefighter
1240,Shaylyn,Leary,Shaylyn.Leary@yopmail.com,Mozambique,doctor
1241,Mildrid,Paine,Mildrid.Paine@yopmail.com,Tokelau,firefighter
1242,Laure,Kunin,Laure.Kunin@yopmail.com,Cook Islands,doctor
1243,Sherrie,Goerke,Sherrie.Goerke@yopmail.com,Puerto Rico,worker
1244,Lita,Phyllis,Lita.Phyllis@yopmail.com,Paraguay,firefighter
1245,Cherrita,Malina,Cherrita.Malina@yopmail.com,Uruguay,developer
1246,Emmey,An,Emmey.An@yopmail.com,"Iran, Islamic Republic Of",firefighter
1247,Maisey,Drisko,Maisey.Drisko@yopmail.com,Germany,developer
1248,Talya,Ezar,Talya.Ezar@yopmail.com,Iraq,police officer
1249,Jordan,Gombach,Jordan.Gombach@yopmail.com,Netherlands,firefighter
1250,Rani,Kaja,Rani.Kaja@yopmail.com,"Palestinian Territory, Occupied",police officer
1251,Hermione,Faso,Hermione.Faso@yopmail.com,Saint Vincent and the Grenadines,worker
1252,Roz,Prober,Roz.Prober@yopmail.com,Niger,developer
1253,Ursulina,Kress,Ursulina.Kress@yopmail.com,Brazil,doctor
1254,Aeriela,Vale,Aeriela.Vale@yopmail.com,Burundi,police officer
1255,Lenna,Kiersten,Lenna.Kiersten@yopmail.com,Oman,worker
1256,Correy,Halsey,Correy.Halsey@yopmail.com,Cayman Islands,developer
1257,Susan,Chinua,Susan.Chinua@yopmail.com,Botswana,developer
1258,Tressa,Garrison,Tressa.Garrison@yopmail.com,India,police officer
1259,Oona,Gombach,Oona.Gombach@yopmail.com,Turkmenistan,doctor
1260,Shel,Milson,Shel.Milson@yopmail.com,San Marino,police officer
1261,Winifred,Mendez,Winifred.Mendez@yopmail.com,Antigua and Barbuda,firefighter
1262,Brandise,Ardra,Brandise.Ardra@yopmail.com,Paraguay,doctor
1263,Modestia,Camden,Modestia.Camden@yopmail.com,Jamaica,police officer
1264,Rebeca,Christine,Rebeca.Christine@yopmail.com,San Marino,doctor
1265,Rhea,Thema,Rhea.Thema@yopmail.com,Swaziland,developer
1266,Wileen,Bendick,Wileen.Bendick@yopmail.com,Cocos (Keeling) Islands,developer
1267,Riannon,Birdella,Riannon.Birdella@yopmail.com,Haiti,worker
1268,Ingrid,Sandye,Ingrid.Sandye@yopmail.com,Belgium,firefighter
1269,Diena,Lauraine,Diena.Lauraine@yopmail.com,Portugal,worker
1270,Shaine,Zetta,Shaine.Zetta@yopmail.com,Mayotte,police officer
1271,Arlena,Ioab,Arlena.Ioab@yopmail.com,United Kingdom,police officer
1272,Steffane,Randene,Steffane.Randene@yopmail.com,France,developer
1273,Sindee,Bartlett,Sindee.Bartlett@yopmail.com,Chile,doctor
1274,Valera,Brieta,Valera.Brieta@yopmail.com,Finland,developer
1275,Susan,Uird,Susan.Uird@yopmail.com,Australia,worker
1276,Lesly,Diogenes,Lesly.Diogenes@yopmail.com,Spain,worker
1277,Jaime,Lattie,Jaime.Lattie@yopmail.com,United States,developer
1278,Vevay,Claudine,Vevay.Claudine@yopmail.com,Turks and Caicos Islands,worker
1279,Tonia,Cassius,Tonia.Cassius@yopmail.com,"Tanzania, United Republic of",firefighter
1280,Alie,Papageno,Alie.Papageno@yopmail.com,Comoros,worker
1281,Bobbi,Kathie,Bobbi.Kathie@yopmail.com,Isle of Man,developer
1282,Britni,Baudin,Britni.Baudin@yopmail.com,Luxembourg,firefighter
1283,Rebeca,Cutlerr,Rebeca.Cutlerr@yopmail.com,"Korea, Democratic People""S Republic of",police officer
1284,Eve,Sallyann,Eve.Sallyann@yopmail.com,Chile,doctor
1285,Marita,Seessel,Marita.Seessel@yopmail.com,French Southern Territories,firefighter
1286,Ethel,McClimans,Ethel.McClimans@yopmail.com,Bouvet Island,firefighter
1287,Emelina,Diogenes,Emelina.Diogenes@yopmail.com,South Georgia and the South Sandwich Islands,developer
1288,Estell,Argus,Estell.Argus@yopmail.com,Tajikistan,developer
1289,Amalie,Scammon,Amalie.Scammon@yopmail.com,Ecuador,firefighter
1290,Florie,Eldrid,Florie.Eldrid@yopmail.com,Congo,firefighter
1291,June,Cassius,June.Cassius@yopmail.com,Mauritius,police officer
1292,Tybie,Nester,Tybie.Nester@yopmail.com,Tokelau,doctor
1293,Modestia,Zenas,Modestia.Zenas@yopmail.com,Bangladesh,developer
1294,Ketti,Torray,Ketti.Torray@yopmail.com,Belgium,police officer
1295,Luci,Sikorski,Luci.Sikorski@yopmail.com,Panama,worker
1296,Caryl,Standing,Caryl.Standing@yopmail.com,Comoros,worker
1297,Marinna,Tyson,Marinna.Tyson@yopmail.com,Zambia,police officer
1298,Grier,Blisse,Grier.Blisse@yopmail.com,Sweden,worker
1299,Margarette,Ade,Margarette.Ade@yopmail.com,Qatar,developer
1300,Halette,Kendrick,Halette.Kendrick@yopmail.com,Tonga,worker
1301,Ernesta,Clara,Ernesta.Clara@yopmail.com,Hungary,firefighter
1302,Vonny,Meter,Vonny.Meter@yopmail.com,Saint Helena,police officer
1303,Annabela,Anderea,Annabela.Anderea@yopmail.com,Reunion,firefighter
1304,Beatriz,Wadell,Beatriz.Wadell@yopmail.com,Saint Helena,developer
1305,Linet,Sothena,Linet.Sothena@yopmail.com,Tonga,doctor
1306,Viki,Seagraves,Viki.Seagraves@yopmail.com,Papua New Guinea,worker
1307,Ileana,Kimmie,Ileana.Kimmie@yopmail.com,Lesotho,police officer
1308,Justinn,Eliathas,Justinn.Eliathas@yopmail.com,Georgia,developer
1309,Hettie,Belanger,Hettie.Belanger@yopmail.com,Tuvalu,police officer
1310,Amii,Sancho,Amii.Sancho@yopmail.com,China,firefighter
1311,Desirae,Maryanne,Desirae.Maryanne@yopmail.com,Morocco,developer
1312,Courtnay,Ortrude,Courtnay.Ortrude@yopmail.com,French Southern Territories,police officer
1313,Jean,Honoria,Jean.Honoria@yopmail.com,"Cote D""Ivoire",developer
1314,Merci,Sharl,Merci.Sharl@yopmail.com,Croatia,worker
1315,Caryl,Breed,Caryl.Breed@yopmail.com,Costa Rica,police officer
1316,Stephanie,Lunsford,Stephanie.Lunsford@yopmail.com,Marshall Islands,developer
1317,Sallie,Travax,Sallie.Travax@yopmail.com,Colombia,firefighter
1318,Kenna,Kauppi,Kenna.Kauppi@yopmail.com,Bangladesh,police officer
1319,Gertrud,Garlinda,Gertrud.Garlinda@yopmail.com,Honduras,firefighter
1320,Valeda,Ivens,Valeda.Ivens@yopmail.com,Kiribati,police officer
1321,Cathyleen,Madaih,Cathyleen.Madaih@yopmail.com,Cambodia,doctor
1322,Alejandra,Velick,Alejandra.Velick@yopmail.com,Turkey,developer
1323,Kylynn,Pettiford,Kylynn.Pettiford@yopmail.com,Congo,worker
1324,Frank,Hull,Frank.Hull@yopmail.com,Equatorial Guinea,police officer
1325,Ericka,Wyn,Ericka.Wyn@yopmail.com,France,developer
1326,Katleen,Donoghue,Katleen.Donoghue@yopmail.com,Tonga,doctor
1327,Susan,Swanhildas,Susan.Swanhildas@yopmail.com,Guatemala,doctor
1328,Harrietta,Phyllis,Harrietta.Phyllis@yopmail.com,Saudi Arabia,firefighter
1329,Marleah,Raimondo,Marleah.Raimondo@yopmail.com,Cuba,police officer
1330,Joy,Garrison,Joy.Garrison@yopmail.com,Dominican Republic,police officer
1331,Silvana,Tatianas,Silvana.Tatianas@yopmail.com,Uganda,firefighter
1332,Millie,Havens,Millie.Havens@yopmail.com,Jamaica,developer
1333,Bibby,Payson,Bibby.Payson@yopmail.com,Barbados,worker
1334,Gratia,Arley,Gratia.Arley@yopmail.com,Turkmenistan,worker
1335,Margarette,Arvo,Margarette.Arvo@yopmail.com,Barbados,doctor
1336,Joelly,Khorma,Joelly.Khorma@yopmail.com,Malaysia,developer
1337,Shirlee,Hortensia,Shirlee.Hortensia@yopmail.com,Hungary,worker
1338,Sheelagh,Amand,Sheelagh.Amand@yopmail.com,Barbados,developer
1339,Bobbi,Mata,Bobbi.Mata@yopmail.com,Sudan,police officer
1340,Sonni,Prouty,Sonni.Prouty@yopmail.com,Indonesia,firefighter
1341,Lyssa,Stephie,Lyssa.Stephie@yopmail.com,Antigua and Barbuda,worker
1342,Libbie,Orlene,Libbie.Orlene@yopmail.com,Israel,firefighter
1343,Violet,Ummersen,Violet.Ummersen@yopmail.com,"Taiwan, Province of China",doctor
1344,Asia,Fry,Asia.Fry@yopmail.com,"Virgin Islands, British",developer
1345,Molli,Dimitris,Molli.Dimitris@yopmail.com,Costa Rica,developer
1346,Lucy,Michella,Lucy.Michella@yopmail.com,Somalia,developer
1347,Shauna,Rodmann,Shauna.Rodmann@yopmail.com,Lesotho,worker
1348,Carmela,Wilkinson,Carmela.Wilkinson@yopmail.com,Myanmar,doctor
1349,Carly,Delp,Carly.Delp@yopmail.com,Serbia and Montenegro,developer
1350,Marnia,Gladstone,Marnia.Gladstone@yopmail.com,Macao,developer
1351,Talya,Karl,Talya.Karl@yopmail.com,Brazil,police officer
1352,Cyndie,Old,Cyndie.Old@yopmail.com,Saint Vincent and the Grenadines,firefighter
1353,Ardeen,Irmine,Ardeen.Irmine@yopmail.com,Dominican Republic,worker
1354,Daune,Kristi,Daune.Kristi@yopmail.com,Pitcairn,police officer
1355,Dorice,Howlyn,Dorice.Howlyn@yopmail.com,Sao Tome and Principe,firefighter
1356,Winifred,Weinreb,Winifred.Weinreb@yopmail.com,Serbia and Montenegro,developer
1357,Alisha,Demitria,Alisha.Demitria@yopmail.com,Cape Verde,firefighter
1358,Cordi,O'Neill,Cordi.O'Neill@yopmail.com,Cayman Islands,developer
1359,Selia,Hoban,Selia.Hoban@yopmail.com,Luxembourg,worker
1360,Etta,Cutlerr,Etta.Cutlerr@yopmail.com,Belize,worker
1361,Andree,Oscar,Andree.Oscar@yopmail.com,Slovakia,worker
1362,Roseline,Sandye,Roseline.Sandye@yopmail.com,Gibraltar,developer
1363,Joleen,Tybald,Joleen.Tybald@yopmail.com,Heard Island and Mcdonald Islands,firefighter
1364,Roxane,Amasa,Roxane.Amasa@yopmail.com,Belize,developer
1365,Fredericka,Weitman,Fredericka.Weitman@yopmail.com,Djibouti,firefighter
1366,Sarette,Lorain,Sarette.Lorain@yopmail.com,Svalbard and Jan Mayen,firefighter
1367,Bobbi,Celestine,Bobbi.Celestine@yopmail.com,Kyrgyzstan,police officer
1368,Rosanne,Gerge,Rosanne.Gerge@yopmail.com,Guernsey,worker
1369,Dorthy,Diann,Dorthy.Diann@yopmail.com,Liberia,worker
1370,Carly,Georgy,Carly.Georgy@yopmail.com,Eritrea,firefighter
1371,Wynne,Tound,Wynne.Tound@yopmail.com,Haiti,doctor
1372,Kristan,Redmond,Kristan.Redmond@yopmail.com,Samoa,worker
1373,Julieta,Amethist,Julieta.Amethist@yopmail.com,Sierra Leone,police officer
1374,Johna,Lory,Johna.Lory@yopmail.com,"Cote D""Ivoire",worker
1375,Marinna,Ciapas,Marinna.Ciapas@yopmail.com,Mali,doctor
1376,Sashenka,Maisey,Sashenka.Maisey@yopmail.com,Christmas Island,doctor
1377,Dania,Harned,Dania.Harned@yopmail.com,Uruguay,doctor
1378,Emylee,Brunell,Emylee.Brunell@yopmail.com,Antigua and Barbuda,worker
1379,Rozele,Jerald,Rozele.Jerald@yopmail.com,French Polynesia,firefighter
1380,Linet,Toor,Linet.Toor@yopmail.com,Mauritius,doctor
1381,Hyacinthe,Doig,Hyacinthe.Doig@yopmail.com,Cyprus,developer
1382,Amara,Revkah,Amara.Revkah@yopmail.com,Sudan,police officer
1383,Dale,Tannie,Dale.Tannie@yopmail.com,Togo,developer
1384,Tilly,Saree,Tilly.Saree@yopmail.com,Bolivia,worker
1385,Tani,Dyche,Tani.Dyche@yopmail.com,Madagascar,developer
1386,Maud,Bouchard,Maud.Bouchard@yopmail.com,Saint Pierre and Miquelon,worker
1387,Demetris,Han,Demetris.Han@yopmail.com,South Georgia and the South Sandwich Islands,doctor
1388,Flory,Thomasina,Flory.Thomasina@yopmail.com,Heard Island and Mcdonald Islands,police officer
1389,Bill,Phi,Bill.Phi@yopmail.com,Western Sahara,developer
1390,Ezmeralda,Carmena,Ezmeralda.Carmena@yopmail.com,Philippines,worker
1391,Tybie,Jenness,Tybie.Jenness@yopmail.com,Saint Vincent and the Grenadines,worker
1392,Natka,Krystle,Natka.Krystle@yopmail.com,Angola,firefighter
1393,Cecile,Sherrie,Cecile.Sherrie@yopmail.com,Bahrain,worker
1394,Collen,Loleta,Collen.Loleta@yopmail.com,Portugal,police officer
1395,Lorne,Argus,Lorne.Argus@yopmail.com,Paraguay,worker
1396,Esmeralda,Dyche,Esmeralda.Dyche@yopmail.com,Chad,doctor
1397,Barbara,Baudin,Barbara.Baudin@yopmail.com,Libyan Arab Jamahiriya,developer
1398,Rosabelle,Hertzfeld,Rosabelle.Hertzfeld@yopmail.com,Papua New Guinea,doctor
1399,Ketti,Larochelle,Ketti.Larochelle@yopmail.com,Antigua and Barbuda,firefighter
1400,Emylee,Fiester,Emylee.Fiester@yopmail.com,Saint Helena,doctor
1401,Brynna,Lasley,Brynna.Lasley@yopmail.com,Saint Lucia,worker
1402,Ingrid,Boehike,Ingrid.Boehike@yopmail.com,Monaco,developer
1403,Paule,Pettiford,Paule.Pettiford@yopmail.com,Grenada,developer
1404,Evita,Earlie,Evita.Earlie@yopmail.com,Armenia,doctor
1405,Deedee,Winnick,Deedee.Winnick@yopmail.com,Pitcairn,worker
1406,Michaelina,Pauly,Michaelina.Pauly@yopmail.com,Peru,police officer
1407,Mady,Jalbert,Mady.Jalbert@yopmail.com,Brazil,firefighter
1408,Dorothy,McClimans,Dorothy.McClimans@yopmail.com,China,worker
1409,Roberta,Malvino,Roberta.Malvino@yopmail.com,Mauritius,firefighter
1410,Zondra,Natica,Zondra.Natica@yopmail.com,Reunion,firefighter
1411,Rebeca,Kaja,Rebeca.Kaja@yopmail.com,Congo,firefighter
1412,Ira,Old,Ira.Old@yopmail.com,Kazakhstan,developer
1413,Kimmy,Peti,Kimmy.Peti@yopmail.com,Cape Verde,developer
1414,Chandra,Simmonds,Chandra.Simmonds@yopmail.com,Svalbard and Jan Mayen,firefighter
1415,Janey,Esmaria,Janey.Esmaria@yopmail.com,Congo,police officer
1416,Kaia,Isidore,Kaia.Isidore@yopmail.com,Solomon Islands,worker
1417,Shirlee,Caitlin,Shirlee.Caitlin@yopmail.com,"Macedonia, The Former Yugoslav Republic of",police officer
1418,Antonietta,Germann,Antonietta.Germann@yopmail.com,Aruba,doctor
1419,Tiffie,Vastah,Tiffie.Vastah@yopmail.com,AndorrA,firefighter
1420,Gwyneth,Hazlett,Gwyneth.Hazlett@yopmail.com,Hungary,developer
1421,Minda,Timon,Minda.Timon@yopmail.com,Somalia,police officer
1422,Harmonia,Bebe,Harmonia.Bebe@yopmail.com,Greenland,doctor
1423,Kerrin,Kinnard,Kerrin.Kinnard@yopmail.com,Antigua and Barbuda,police officer
1424,Nerta,Gualtiero,Nerta.Gualtiero@yopmail.com,Malawi,police officer
1425,Marinna,Rocray,Marinna.Rocray@yopmail.com,Slovenia,developer
1426,Cyndie,Sothena,Cyndie.Sothena@yopmail.com,Reunion,firefighter
1427,Ayn,Sallyann,Ayn.Sallyann@yopmail.com,Spain,police officer
1428,Almeta,Arquit,Almeta.Arquit@yopmail.com,Samoa,worker
1429,Misha,Delila,Misha.Delila@yopmail.com,"Macedonia, The Former Yugoslav Republic of",developer
1430,Lynnea,Vharat,Lynnea.Vharat@yopmail.com,Bosnia and Herzegovina,firefighter
1431,Carmela,Bevin,Carmela.Bevin@yopmail.com,El Salvador,firefighter
1432,Celene,Lucienne,Celene.Lucienne@yopmail.com,Cyprus,police officer
1433,Raf,Bach,Raf.Bach@yopmail.com,Bahrain,firefighter
1434,Doralynne,Aida,Doralynne.Aida@yopmail.com,Spain,developer
1435,Lita,Gwenore,Lita.Gwenore@yopmail.com,"Micronesia, Federated States of",worker
1436,Ana,Blisse,Ana.Blisse@yopmail.com,Armenia,doctor
1437,Ezmeralda,Laurianne,Ezmeralda.Laurianne@yopmail.com,France,firefighter
1438,Riannon,Marsden,Riannon.Marsden@yopmail.com,Netherlands Antilles,worker
1439,Tobe,Merna,Tobe.Merna@yopmail.com,Slovenia,police officer
1440,Melina,Amadas,Melina.Amadas@yopmail.com,Iceland,worker
1441,Lelah,Autrey,Lelah.Autrey@yopmail.com,El Salvador,doctor
1442,Cam,Scammon,Cam.Scammon@yopmail.com,Lithuania,developer
1443,Yolane,Valerio,Yolane.Valerio@yopmail.com,Norway,firefighter
1444,Mahalia,Oriana,Mahalia.Oriana@yopmail.com,British Indian Ocean Territory,firefighter
1445,Mara,Dalli,Mara.Dalli@yopmail.com,Malawi,worker
1446,Margette,Urania,Margette.Urania@yopmail.com,Italy,doctor
1447,Emelina,Bonucci,Emelina.Bonucci@yopmail.com,Bahrain,developer
1448,Joceline,Hollingsworth,Joceline.Hollingsworth@yopmail.com,Niue,worker
1449,Tiffie,Alva,Tiffie.Alva@yopmail.com,Bahamas,police officer
1450,Tani,Raffo,Tani.Raffo@yopmail.com,Hong Kong,developer
1451,Jobi,Llovera,Jobi.Llovera@yopmail.com,British Indian Ocean Territory,developer
1452,Jessy,Hertzfeld,Jessy.Hertzfeld@yopmail.com,Saint Kitts and Nevis,developer
1453,Melodie,Ricarda,Melodie.Ricarda@yopmail.com,Switzerland,firefighter
1454,Elfreda,Nance,Elfreda.Nance@yopmail.com,"Palestinian Territory, Occupied",doctor
1455,Roslyn,Cohdwell,Roslyn.Cohdwell@yopmail.com,Hungary,doctor
1456,Christian,Douglass,Christian.Douglass@yopmail.com,AndorrA,developer
1457,Shandie,Lilybelle,Shandie.Lilybelle@yopmail.com,Samoa,worker
1458,Amelia,Delila,Amelia.Delila@yopmail.com,Poland,doctor
1459,Judy,Carmena,Judy.Carmena@yopmail.com,Philippines,doctor
1460,Paola,Erich,Paola.Erich@yopmail.com,Niue,doctor
1461,Concettina,Hollingsworth,Concettina.Hollingsworth@yopmail.com,Switzerland,doctor
1462,Frances,Vorster,Frances.Vorster@yopmail.com,Mali,developer
1463,Harmonia,Colyer,Harmonia.Colyer@yopmail.com,Åland Islands,worker
1464,Belva,Ellerey,Belva.Ellerey@yopmail.com,Paraguay,firefighter
1465,Addia,Xerxes,Addia.Xerxes@yopmail.com,Guinea,firefighter
1466,Edyth,Cimbura,Edyth.Cimbura@yopmail.com,Djibouti,firefighter
1467,Aili,Madox,Aili.Madox@yopmail.com,Ethiopia,doctor
1468,Randa,Zamora,Randa.Zamora@yopmail.com,"Moldova, Republic of",developer
1469,Collen,Atonsah,Collen.Atonsah@yopmail.com,Armenia,doctor
1470,Catharine,Alrich,Catharine.Alrich@yopmail.com,Bahamas,police officer
1471,Carlie,Vilma,Carlie.Vilma@yopmail.com,"Macedonia, The Former Yugoslav Republic of",firefighter
1472,Fredericka,Candy,Fredericka.Candy@yopmail.com,Uzbekistan,developer
1473,Luci,Howlyn,Luci.Howlyn@yopmail.com,Dominican Republic,worker
1474,Rayna,Alexandr,Rayna.Alexandr@yopmail.com,"Virgin Islands, U.S.",firefighter
1475,Selma,Robertson,Selma.Robertson@yopmail.com,Northern Mariana Islands,worker
1476,Kara-Lynn,Soneson,Kara-Lynn.Soneson@yopmail.com,Oman,police officer
1477,Carree,McAdams,Carree.McAdams@yopmail.com,Turkmenistan,developer
1478,Leia,Holbrook,Leia.Holbrook@yopmail.com,Saint Kitts and Nevis,worker
1479,Anallese,Melony,Anallese.Melony@yopmail.com,Trinidad and Tobago,doctor
1480,Frank,Claudine,Frank.Claudine@yopmail.com,Serbia and Montenegro,worker
1481,Caritta,Stover,Caritta.Stover@yopmail.com,Turkey,doctor
1482,Sabina,Durware,Sabina.Durware@yopmail.com,Argentina,firefighter
1483,Anallese,McLaughlin,Anallese.McLaughlin@yopmail.com,French Polynesia,worker
1484,Karina,Dimitris,Karina.Dimitris@yopmail.com,Ukraine,firefighter
1485,Anica,Whittaker,Anica.Whittaker@yopmail.com,Martinique,police officer
1486,Ricky,Sherrie,Ricky.Sherrie@yopmail.com,Dominica,doctor
1487,Mureil,Saree,Mureil.Saree@yopmail.com,Armenia,doctor
1488,Ginnie,Uund,Ginnie.Uund@yopmail.com,Poland,doctor
1489,Catrina,Quinn,Catrina.Quinn@yopmail.com,Kenya,developer
1490,Phylis,Seessel,Phylis.Seessel@yopmail.com,Guinea,worker
1491,Karlee,Llovera,Karlee.Llovera@yopmail.com,Somalia,worker
1492,Nicoli,Campball,Nicoli.Campball@yopmail.com,Faroe Islands,worker
1493,Philis,Strephon,Philis.Strephon@yopmail.com,Uzbekistan,developer
1494,Courtnay,Thilda,Courtnay.Thilda@yopmail.com,Sao Tome and Principe,police officer
1495,Marsiella,Talia,Marsiella.Talia@yopmail.com,Puerto Rico,police officer
1496,Winifred,Pandolfi,Winifred.Pandolfi@yopmail.com,Monaco,developer
1497,Juliane,Latini,Juliane.Latini@yopmail.com,Togo,developer
1498,Bee,Helfand,Bee.Helfand@yopmail.com,Seychelles,worker
1499,Kara-Lynn,Howlyn,Kara-Lynn.Howlyn@yopmail.com,Gabon,doctor
1500,Merrie,Laurianne,Merrie.Laurianne@yopmail.com,New Zealand,police officer
1501,Carolina,Tomasina,Carolina.Tomasina@yopmail.com,Bosnia and Herzegovina,firefighter
1502,Helsa,Candy,Helsa.Candy@yopmail.com,Tonga,developer
1503,Kathy,Giff,Kathy.Giff@yopmail.com,Benin,worker
1504,Olivette,Cordi,Olivette.Cordi@yopmail.com,Algeria,worker
1505,Shell,Carvey,Shell.Carvey@yopmail.com,Tuvalu,worker
1506,Starla,Kathie,Starla.Kathie@yopmail.com,Reunion,worker
1507,Josephine,Colleen,Josephine.Colleen@yopmail.com,Faroe Islands,firefighter
1508,Karena,Dorine,Karena.Dorine@yopmail.com,Samoa,police officer
1509,Konstance,Maryanne,Konstance.Maryanne@yopmail.com,Uganda,doctor
1510,Dotty,Colleen,Dotty.Colleen@yopmail.com,Bangladesh,worker
1511,Hallie,Aldric,Hallie.Aldric@yopmail.com,Poland,police officer
1512,Robinia,Carri,Robinia.Carri@yopmail.com,"Palestinian Territory, Occupied",doctor
1513,Bernardine,Amethist,Bernardine.Amethist@yopmail.com,Eritrea,worker
1514,Max,Sisile,Max.Sisile@yopmail.com,Saint Helena,doctor
1515,Therine,Fadiman,Therine.Fadiman@yopmail.com,Fiji,developer
1516,Flory,Ivens,Flory.Ivens@yopmail.com,Finland,doctor
1517,Britte,Tippets,Britte.Tippets@yopmail.com,RWANDA,doctor
1518,Jean,Christine,Jean.Christine@yopmail.com,Eritrea,doctor
1519,Olivette,Greenwald,Olivette.Greenwald@yopmail.com,France,doctor
1520,Candy,Brittani,Candy.Brittani@yopmail.com,Kyrgyzstan,police officer
1521,Carly,Helve,Carly.Helve@yopmail.com,Nicaragua,police officer
1522,Roz,Scammon,Roz.Scammon@yopmail.com,Slovenia,police officer
1523,Steffane,Swanhildas,Steffane.Swanhildas@yopmail.com,Seychelles,firefighter
1524,Penelopa,Baptlsta,Penelopa.Baptlsta@yopmail.com,San Marino,worker
1525,Verla,Rustice,Verla.Rustice@yopmail.com,Uzbekistan,developer
1526,Aryn,Japeth,Aryn.Japeth@yopmail.com,Greece,doctor
1527,Linzy,Ephrem,Linzy.Ephrem@yopmail.com,"Tanzania, United Republic of",worker
1528,Sabina,Tryck,Sabina.Tryck@yopmail.com,Saint Helena,developer
1529,Gretal,Cassius,Gretal.Cassius@yopmail.com,Greenland,doctor
1530,Kirbee,Vernier,Kirbee.Vernier@yopmail.com,New Caledonia,developer
1531,Jemie,Urias,Jemie.Urias@yopmail.com,Mexico,doctor
1532,Luci,Radu,Luci.Radu@yopmail.com,Lesotho,worker
1533,Reeba,Kenney,Reeba.Kenney@yopmail.com,Somalia,firefighter
1534,Debee,Edee,Debee.Edee@yopmail.com,Comoros,police officer
1535,Marika,Gower,Marika.Gower@yopmail.com,Bolivia,developer
1536,Giustina,Bigner,Giustina.Bigner@yopmail.com,Cocos (Keeling) Islands,firefighter
1537,Anica,Claudine,Anica.Claudine@yopmail.com,Singapore,doctor
1538,Glynnis,Pauly,Glynnis.Pauly@yopmail.com,Aruba,developer
1539,Moyna,Barbey,Moyna.Barbey@yopmail.com,Togo,firefighter
1540,Ida,Morehouse,Ida.Morehouse@yopmail.com,Antigua and Barbuda,developer
1541,Sophia,Tannie,Sophia.Tannie@yopmail.com,Sierra Leone,worker
1542,Ardenia,Schwejda,Ardenia.Schwejda@yopmail.com,Panama,developer
1543,Maye,Ackerley,Maye.Ackerley@yopmail.com,Bulgaria,worker
1544,Heddie,Elsinore,Heddie.Elsinore@yopmail.com,Haiti,developer
1545,Eugine,Marisa,Eugine.Marisa@yopmail.com,Chad,doctor
1546,Alyda,Kunin,Alyda.Kunin@yopmail.com,Papua New Guinea,police officer
1547,Bobinette,Wittie,Bobinette.Wittie@yopmail.com,Congo,firefighter
1548,Caryl,Ventre,Caryl.Ventre@yopmail.com,Greenland,doctor
1549,Farrah,Wiener,Farrah.Wiener@yopmail.com,Isle of Man,doctor
1550,Cecile,Merna,Cecile.Merna@yopmail.com,Serbia and Montenegro,police officer
1551,Agathe,Dom,Agathe.Dom@yopmail.com,Kyrgyzstan,firefighter
1552,Morganica,Meter,Morganica.Meter@yopmail.com,Poland,worker
1553,Ethel,Haerr,Ethel.Haerr@yopmail.com,Qatar,firefighter
1554,Marsiella,Teryn,Marsiella.Teryn@yopmail.com,"Lao People""S Democratic Republic",developer
1555,Ariela,Clie,Ariela.Clie@yopmail.com,Burkina Faso,firefighter
1556,Brooks,Rosemary,Brooks.Rosemary@yopmail.com,Kazakhstan,developer
1557,Alexine,Dunkin,Alexine.Dunkin@yopmail.com,"Micronesia, Federated States of",firefighter
1558,Andree,Secrest,Andree.Secrest@yopmail.com,Kiribati,firefighter
1559,Marika,Alcott,Marika.Alcott@yopmail.com,Guinea-Bissau,firefighter
1560,Jacenta,Zina,Jacenta.Zina@yopmail.com,Comoros,police officer
1561,Celisse,Yoko,Celisse.Yoko@yopmail.com,Falkland Islands (Malvinas),police officer
1562,Letizia,Mathilde,Letizia.Mathilde@yopmail.com,"Micronesia, Federated States of",worker
1563,Linzy,Silvan,Linzy.Silvan@yopmail.com,Libyan Arab Jamahiriya,developer
1564,June,Laurianne,June.Laurianne@yopmail.com,Mongolia,firefighter
1565,Netty,Reinke,Netty.Reinke@yopmail.com,Djibouti,worker
1566,Teriann,Ehrman,Teriann.Ehrman@yopmail.com,Kazakhstan,police officer
1567,Romona,Vharat,Romona.Vharat@yopmail.com,Monaco,worker
1568,Charlena,Kristi,Charlena.Kristi@yopmail.com,"Micronesia, Federated States of",firefighter
1569,Almeta,Ursulette,Almeta.Ursulette@yopmail.com,Solomon Islands,doctor
1570,Wileen,Swanhildas,Wileen.Swanhildas@yopmail.com,Uzbekistan,developer
1571,Anthia,Amand,Anthia.Amand@yopmail.com,Cook Islands,firefighter
1572,Sindee,Colp,Sindee.Colp@yopmail.com,Czech Republic,police officer
1573,Jobi,Imelida,Jobi.Imelida@yopmail.com,Northern Mariana Islands,firefighter
1574,Noelle,Muriel,Noelle.Muriel@yopmail.com,Albania,worker
1575,Genovera,Alva,Genovera.Alva@yopmail.com,Liberia,worker
1576,Meghann,Melan,Meghann.Melan@yopmail.com,Kyrgyzstan,developer
1577,Janeczka,Niccolo,Janeczka.Niccolo@yopmail.com,Palau,worker
1578,Maye,Stanwood,Maye.Stanwood@yopmail.com,Mozambique,developer
1579,Dotty,Kristi,Dotty.Kristi@yopmail.com,Croatia,worker
1580,Cindelyn,Smitt,Cindelyn.Smitt@yopmail.com,Algeria,firefighter
1581,Demetris,Heidt,Demetris.Heidt@yopmail.com,Palau,worker
1582,Jasmina,Seessel,Jasmina.Seessel@yopmail.com,Cyprus,developer
1583,Mady,Bigner,Mady.Bigner@yopmail.com,AndorrA,police officer
1584,Malina,Durante,Malina.Durante@yopmail.com,French Southern Territories,worker
1585,Odessa,Zeeba,Odessa.Zeeba@yopmail.com,Finland,doctor
1586,Adele,Stoller,Adele.Stoller@yopmail.com,Pakistan,police officer
1587,Kirstin,Daniele,Kirstin.Daniele@yopmail.com,Fiji,worker
1588,Helena,Haerr,Helena.Haerr@yopmail.com,Lesotho,worker
1589,Madalyn,Richers,Madalyn.Richers@yopmail.com,Marshall Islands,developer
1590,Correy,McAdams,Correy.McAdams@yopmail.com,Western Sahara,firefighter
1591,Flory,Jorgan,Flory.Jorgan@yopmail.com,Sri Lanka,police officer
1592,Deedee,Hertzfeld,Deedee.Hertzfeld@yopmail.com,Paraguay,developer
1593,Kayla,Kiersten,Kayla.Kiersten@yopmail.com,Vanuatu,developer
1594,Natka,Arley,Natka.Arley@yopmail.com,Tokelau,doctor
1595,Ardeen,Roscoe,Ardeen.Roscoe@yopmail.com,Barbados,worker
1596,Cissiee,Milson,Cissiee.Milson@yopmail.com,Kuwait,doctor
1597,Penelopa,Paine,Penelopa.Paine@yopmail.com,France,worker
1598,Bettine,Marisa,Bettine.Marisa@yopmail.com,Svalbard and Jan Mayen,worker
1599,Christian,Huggins,Christian.Huggins@yopmail.com,Zimbabwe,developer
1600,Aaren,Pond,Aaren.Pond@yopmail.com,Netherlands,police officer
1601,Lucy,Rolf,Lucy.Rolf@yopmail.com,Russian Federation,doctor
1602,Cathie,Wandie,Cathie.Wandie@yopmail.com,United Kingdom,firefighter
1603,Rani,Jarib,Rani.Jarib@yopmail.com,Finland,developer
1604,Corly,Margret,Corly.Margret@yopmail.com,Pakistan,doctor
1605,Atlanta,Tiffa,Atlanta.Tiffa@yopmail.com,Australia,doctor
1606,Emylee,Chrystel,Emylee.Chrystel@yopmail.com,Netherlands,firefighter
1607,Kassey,Braun,Kassey.Braun@yopmail.com,Timor-Leste,worker
1608,Dorthy,Revkah,Dorthy.Revkah@yopmail.com,Saint Kitts and Nevis,firefighter
1609,Cordi,Iaverne,Cordi.Iaverne@yopmail.com,Aruba,developer
1610,Gratia,Sabella,Gratia.Sabella@yopmail.com,Qatar,developer
1611,Elise,Kelula,Elise.Kelula@yopmail.com,Tuvalu,firefighter
1612,Harrietta,Henebry,Harrietta.Henebry@yopmail.com,Norway,doctor
1613,Deirdre,Truc,Deirdre.Truc@yopmail.com,Bangladesh,worker
1614,Theodora,Cath,Theodora.Cath@yopmail.com,Mali,police officer
1615,Ardeen,Oriana,Ardeen.Oriana@yopmail.com,Mauritania,firefighter
1616,Laure,Sperling,Laure.Sperling@yopmail.com,Slovakia,developer
1617,Gerrie,Kellby,Gerrie.Kellby@yopmail.com,Botswana,doctor
1618,Katleen,Merna,Katleen.Merna@yopmail.com,Belarus,police officer
1619,Gratia,Dyche,Gratia.Dyche@yopmail.com,Kazakhstan,developer
1620,Janey,Marlie,Janey.Marlie@yopmail.com,Togo,worker
1621,Rubie,Leopold,Rubie.Leopold@yopmail.com,Malta,developer
1622,Shell,Pozzy,Shell.Pozzy@yopmail.com,Namibia,police officer
1623,Annabela,Shaver,Annabela.Shaver@yopmail.com,French Guiana,worker
1624,Chere,Cohdwell,Chere.Cohdwell@yopmail.com,Norway,firefighter
1625,Marnia,Lesley,Marnia.Lesley@yopmail.com,Guatemala,doctor
1626,Kerrin,Markman,Kerrin.Markman@yopmail.com,Israel,developer
1627,Nariko,Ludewig,Nariko.Ludewig@yopmail.com,Sierra Leone,doctor
1628,Fidelia,Bury,Fidelia.Bury@yopmail.com,Mali,doctor
1629,Karina,Bates,Karina.Bates@yopmail.com,Peru,worker
1630,Janis,Flita,Janis.Flita@yopmail.com,Dominica,doctor
1631,Vita,Lytton,Vita.Lytton@yopmail.com,Bosnia and Herzegovina,developer
1632,Barbara,Chapland,Barbara.Chapland@yopmail.com,Croatia,developer
1633,Di,Shaver,Di.Shaver@yopmail.com,Saudi Arabia,firefighter
1634,Arlina,Terencio,Arlina.Terencio@yopmail.com,Costa Rica,firefighter
1635,Dulce,Harday,Dulce.Harday@yopmail.com,Pakistan,police officer
1636,Priscilla,Heisel,Priscilla.Heisel@yopmail.com,Greenland,doctor
1637,Dania,Jena,Dania.Jena@yopmail.com,Zimbabwe,firefighter
1638,Rubie,Daniele,Rubie.Daniele@yopmail.com,Tokelau,doctor
1639,Annabela,Georas,Annabela.Georas@yopmail.com,"Taiwan, Province of China",worker
1640,Britte,Macey,Britte.Macey@yopmail.com,"Korea, Democratic People""S Republic of",police officer
1641,Malina,Alexandr,Malina.Alexandr@yopmail.com,Svalbard and Jan Mayen,worker
1642,Kelly,Peti,Kelly.Peti@yopmail.com,Paraguay,developer
1643,Ericka,Dorothy,Ericka.Dorothy@yopmail.com,Antigua and Barbuda,worker
1644,Lenna,Juliet,Lenna.Juliet@yopmail.com,Spain,firefighter
1645,Justinn,Cleo,Justinn.Cleo@yopmail.com,Zimbabwe,developer
1646,Taffy,Bibi,Taffy.Bibi@yopmail.com,Georgia,firefighter
1647,Clary,Kirbee,Clary.Kirbee@yopmail.com,Italy,police officer
1648,Nonnah,An,Nonnah.An@yopmail.com,Georgia,firefighter
1649,Lory,Meter,Lory.Meter@yopmail.com,Gambia,firefighter
1650,Theodora,Othilia,Theodora.Othilia@yopmail.com,Paraguay,police officer
1651,Jaclyn,Cimbura,Jaclyn.Cimbura@yopmail.com,Guinea-Bissau,worker
1652,Natka,Papageno,Natka.Papageno@yopmail.com,Bouvet Island,doctor
1653,Vanessa,Muriel,Vanessa.Muriel@yopmail.com,New Zealand,doctor
1654,Dominga,Daveta,Dominga.Daveta@yopmail.com,Costa Rica,developer
1655,Christy,Shirberg,Christy.Shirberg@yopmail.com,Cook Islands,developer
1656,Halette,Moina,Halette.Moina@yopmail.com,Uganda,police officer
1657,Dorothy,Elo,Dorothy.Elo@yopmail.com,Sao Tome and Principe,doctor
1658,Joy,Doig,Joy.Doig@yopmail.com,Nauru,police officer
1659,Melanie,Fiester,Melanie.Fiester@yopmail.com,Heard Island and Mcdonald Islands,worker
1660,Millie,Prouty,Millie.Prouty@yopmail.com,Saint Kitts and Nevis,doctor
1661,Dede,Masao,Dede.Masao@yopmail.com,Viet Nam,police officer
1662,Leeanne,Amasa,Leeanne.Amasa@yopmail.com,Northern Mariana Islands,police officer
1663,Willetta,Pearse,Willetta.Pearse@yopmail.com,Venezuela,police officer
1664,Jany,Othilia,Jany.Othilia@yopmail.com,Senegal,doctor
1665,Lulita,Reinke,Lulita.Reinke@yopmail.com,Venezuela,police officer
1666,Sidoney,Rillings,Sidoney.Rillings@yopmail.com,Mozambique,firefighter
1667,Inga,Creamer,Inga.Creamer@yopmail.com,Iceland,firefighter
1668,Ira,Ochs,Ira.Ochs@yopmail.com,Timor-Leste,firefighter
1669,Tonia,Rosette,Tonia.Rosette@yopmail.com,Madagascar,police officer
1670,Benita,Grayce,Benita.Grayce@yopmail.com,Estonia,worker
1671,Albertina,Eliathas,Albertina.Eliathas@yopmail.com,Haiti,doctor
1672,Marika,Macey,Marika.Macey@yopmail.com,"Moldova, Republic of",developer
1673,Elfreda,Ellerey,Elfreda.Ellerey@yopmail.com,Sweden,developer
1674,Reeba,Orpah,Reeba.Orpah@yopmail.com,AndorrA,doctor
1675,Georgetta,Tyson,Georgetta.Tyson@yopmail.com,Peru,worker
1676,Yetty,Hashim,Yetty.Hashim@yopmail.com,"Moldova, Republic of",doctor
1677,Vonny,Tippets,Vonny.Tippets@yopmail.com,Slovakia,police officer
1678,Arlena,Marden,Arlena.Marden@yopmail.com,"Virgin Islands, British",police officer
1679,Coral,Dituri,Coral.Dituri@yopmail.com,Czech Republic,worker
1680,Lolita,Gherardo,Lolita.Gherardo@yopmail.com,Greece,worker
1681,Marti,Felecia,Marti.Felecia@yopmail.com,Suriname,worker
1682,Candy,McClimans,Candy.McClimans@yopmail.com,Albania,police officer
1683,Delilah,Desai,Delilah.Desai@yopmail.com,"Virgin Islands, British",doctor
1684,Grier,Paine,Grier.Paine@yopmail.com,Armenia,doctor
1685,Belva,Darbie,Belva.Darbie@yopmail.com,Angola,firefighter
1686,Harrietta,Syd,Harrietta.Syd@yopmail.com,Namibia,developer
1687,Cyndie,Suk,Cyndie.Suk@yopmail.com,Haiti,police officer
1688,Ginnie,Cornelia,Ginnie.Cornelia@yopmail.com,Denmark,doctor
1689,Beatriz,Gaulin,Beatriz.Gaulin@yopmail.com,Canada,developer
1690,Emmey,Hazlett,Emmey.Hazlett@yopmail.com,Marshall Islands,firefighter
1691,Eve,Georgy,Eve.Georgy@yopmail.com,Malta,worker
1692,Jessamyn,Jaylene,Jessamyn.Jaylene@yopmail.com,Bahrain,developer
1693,Anallese,Hoban,Anallese.Hoban@yopmail.com,Cayman Islands,developer
1694,Dianemarie,Junie,Dianemarie.Junie@yopmail.com,Swaziland,doctor
1695,Layla,Darbie,Layla.Darbie@yopmail.com,Sierra Leone,firefighter
1696,Barbara,Leifeste,Barbara.Leifeste@yopmail.com,Eritrea,doctor
1697,Paola,Erich,Paola.Erich@yopmail.com,Niue,doctor
1698,Linzy,Lowry,Linzy.Lowry@yopmail.com,Barbados,doctor
1699,Aigneis,Kunin,Aigneis.Kunin@yopmail.com,Sao Tome and Principe,doctor
1700,Tierney,Trinetta,Tierney.Trinetta@yopmail.com,Namibia,developer
1701,Mary,Beebe,Mary.Beebe@yopmail.com,Cyprus,firefighter
1702,Cathyleen,Selway,Cathyleen.Selway@yopmail.com,Dominica,police officer
1703,Meghann,Hepsibah,Meghann.Hepsibah@yopmail.com,Sao Tome and Principe,doctor
1704,Kimberley,Hillel,Kimberley.Hillel@yopmail.com,Czech Republic,police officer
1705,Ginnie,Madaih,Ginnie.Madaih@yopmail.com,Guadeloupe,firefighter
1706,Jany,Emmy,Jany.Emmy@yopmail.com,Iraq,police officer
1707,Rochette,Audly,Rochette.Audly@yopmail.com,Saint Pierre and Miquelon,firefighter
1708,Alejandra,Pierette,Alejandra.Pierette@yopmail.com,Bouvet Island,worker
1709,Natka,Melan,Natka.Melan@yopmail.com,Cayman Islands,doctor
1710,Christal,Hanshaw,Christal.Hanshaw@yopmail.com,Argentina,doctor
1711,Diena,Quent,Diena.Quent@yopmail.com,Jersey,police officer
1712,Nataline,Weinreb,Nataline.Weinreb@yopmail.com,Ghana,doctor
1713,Hildegaard,Margarete,Hildegaard.Margarete@yopmail.com,Belgium,firefighter
1714,Nadine,Evvie,Nadine.Evvie@yopmail.com,Georgia,worker
1715,Tami,Kirstin,Tami.Kirstin@yopmail.com,France,worker
1716,Marleah,Zetta,Marleah.Zetta@yopmail.com,Norway,worker
1717,Drucie,Hubert,Drucie.Hubert@yopmail.com,RWANDA,developer
1718,Britni,Angelis,Britni.Angelis@yopmail.com,Belize,firefighter
1719,Kerrin,Myrilla,Kerrin.Myrilla@yopmail.com,Christmas Island,worker
1720,Amelia,McAdams,Amelia.McAdams@yopmail.com,Cocos (Keeling) Islands,firefighter
1721,Eolanda,Plato,Eolanda.Plato@yopmail.com,Brunei Darussalam,worker
1722,Arlena,Romelda,Arlena.Romelda@yopmail.com,Chad,police officer
1723,Raina,Hachmin,Raina.Hachmin@yopmail.com,Niue,doctor
1724,Randa,Bach,Randa.Bach@yopmail.com,Brazil,worker
1725,Elka,Strephon,Elka.Strephon@yopmail.com,Turkmenistan,developer
1726,Romona,Wadell,Romona.Wadell@yopmail.com,Kenya,doctor
1727,Elvira,Candy,Elvira.Candy@yopmail.com,Swaziland,doctor
1728,Wilma,Reinke,Wilma.Reinke@yopmail.com,Dominica,police officer
1729,Veda,Haymes,Veda.Haymes@yopmail.com,Brazil,firefighter
1730,Shaylyn,Schalles,Shaylyn.Schalles@yopmail.com,Greenland,doctor
1731,Halette,Beebe,Halette.Beebe@yopmail.com,Solomon Islands,police officer
1732,Marika,Krystle,Marika.Krystle@yopmail.com,Israel,developer
1733,Danika,Glovsky,Danika.Glovsky@yopmail.com,Tonga,worker
1734,Tobe,Hewitt,Tobe.Hewitt@yopmail.com,Bahrain,firefighter
1735,Siana,Burnside,Siana.Burnside@yopmail.com,Brazil,developer
1736,Vanessa,Turne,Vanessa.Turne@yopmail.com,Azerbaijan,worker
1737,Celisse,Infield,Celisse.Infield@yopmail.com,Turks and Caicos Islands,police officer
1738,Marleah,Tufts,Marleah.Tufts@yopmail.com,Greenland,doctor
1739,Sashenka,Allina,Sashenka.Allina@yopmail.com,"Iran, Islamic Republic Of",developer
1740,Audrie,Henebry,Audrie.Henebry@yopmail.com,Czech Republic,doctor
1741,Inga,Frodi,Inga.Frodi@yopmail.com,Suriname,doctor
1742,Darlleen,Eachern,Darlleen.Eachern@yopmail.com,"Virgin Islands, British",police officer
1743,Kristan,Brenn,Kristan.Brenn@yopmail.com,Serbia and Montenegro,doctor
1744,Caressa,Dahlia,Caressa.Dahlia@yopmail.com,Malta,doctor
1745,Hayley,Dorothy,Hayley.Dorothy@yopmail.com,Ethiopia,doctor
1746,Aryn,Alice,Aryn.Alice@yopmail.com,"Palestinian Territory, Occupied",doctor
1747,Deirdre,Lunsford,Deirdre.Lunsford@yopmail.com,Cocos (Keeling) Islands,doctor
1748,Phylis,Goth,Phylis.Goth@yopmail.com,Vanuatu,doctor
1749,Ivett,Hutchison,Ivett.Hutchison@yopmail.com,Uzbekistan,worker
1750,Collen,Dermott,Collen.Dermott@yopmail.com,"Lao People""S Democratic Republic",developer
1751,Rori,Maples,Rori.Maples@yopmail.com,Canada,worker
1752,Sherrie,Tamar,Sherrie.Tamar@yopmail.com,Cook Islands,doctor
1753,Quintina,Maurine,Quintina.Maurine@yopmail.com,"Congo, The Democratic Republic of the",worker
1754,Jany,Sharl,Jany.Sharl@yopmail.com,Angola,firefighter
1755,Kate,Moina,Kate.Moina@yopmail.com,South Georgia and the South Sandwich Islands,firefighter
1756,Candy,Mike,Candy.Mike@yopmail.com,"Virgin Islands, U.S.",police officer
1757,Alyda,Dudley,Alyda.Dudley@yopmail.com,Cambodia,police officer
1758,Lexine,Hertzfeld,Lexine.Hertzfeld@yopmail.com,Turks and Caicos Islands,doctor
1759,Kaia,Azeria,Kaia.Azeria@yopmail.com,Kazakhstan,firefighter
1760,Elise,Othilia,Elise.Othilia@yopmail.com,Aruba,police officer
1761,Kayla,Jorgan,Kayla.Jorgan@yopmail.com,Lesotho,developer
1762,Ermengarde,Lesley,Ermengarde.Lesley@yopmail.com,Chad,developer
1763,Janey,Wadell,Janey.Wadell@yopmail.com,Peru,worker
1764,Valera,Alarise,Valera.Alarise@yopmail.com,Sao Tome and Principe,developer
1765,Marline,Kiersten,Marline.Kiersten@yopmail.com,Nauru,police officer
1766,Nicoli,Adrienne,Nicoli.Adrienne@yopmail.com,Sierra Leone,firefighter
1767,Drucie,Joseph,Drucie.Joseph@yopmail.com,Aruba,worker
1768,Alie,Diann,Alie.Diann@yopmail.com,"Tanzania, United Republic of",worker
1769,Marline,Vary,Marline.Vary@yopmail.com,Mauritius,developer
1770,Olivette,Love,Olivette.Love@yopmail.com,Bosnia and Herzegovina,doctor
1771,Jeanna,Sikorski,Jeanna.Sikorski@yopmail.com,Belize,worker
1772,Elka,Jacqui,Elka.Jacqui@yopmail.com,Samoa,worker
1773,Tabbatha,Mendez,Tabbatha.Mendez@yopmail.com,Grenada,doctor
1774,Babita,Huggins,Babita.Huggins@yopmail.com,Netherlands,police officer
1775,Aimil,Burkle,Aimil.Burkle@yopmail.com,"Congo, The Democratic Republic of the",firefighter
1776,Malina,Kendrick,Malina.Kendrick@yopmail.com,Liechtenstein,developer
1777,Gwenneth,Raul,Gwenneth.Raul@yopmail.com,Åland Islands,firefighter
1778,Ottilie,Chinua,Ottilie.Chinua@yopmail.com,Hungary,police officer
1779,Briney,Bouchard,Briney.Bouchard@yopmail.com,Namibia,firefighter
1780,Daryl,Isacco,Daryl.Isacco@yopmail.com,Saint Vincent and the Grenadines,doctor
1781,Zaria,Sidonius,Zaria.Sidonius@yopmail.com,Grenada,firefighter
1782,Karena,Paine,Karena.Paine@yopmail.com,"Moldova, Republic of",developer
1783,Lynde,Pulsifer,Lynde.Pulsifer@yopmail.com,Antarctica,worker
1784,Marinna,Rheingold,Marinna.Rheingold@yopmail.com,Turkmenistan,developer
1785,Gabriellia,Callista,Gabriellia.Callista@yopmail.com,Pitcairn,worker
1786,Cecile,Rurik,Cecile.Rurik@yopmail.com,Liberia,worker
1787,Leanna,Margarete,Leanna.Margarete@yopmail.com,Cameroon,worker
1788,Cecile,Weaks,Cecile.Weaks@yopmail.com,Zambia,police officer
1789,Pamella,Gibbeon,Pamella.Gibbeon@yopmail.com,Tunisia,firefighter
1790,Kore,Oriana,Kore.Oriana@yopmail.com,Malta,doctor
1791,Jany,Sundin,Jany.Sundin@yopmail.com,Liberia,developer
1792,Nicoli,Dominy,Nicoli.Dominy@yopmail.com,Venezuela,worker
1793,Madalyn,Muriel,Madalyn.Muriel@yopmail.com,Tunisia,firefighter
1794,Lindie,Knowling,Lindie.Knowling@yopmail.com,Bulgaria,firefighter
1795,Layla,Drisko,Layla.Drisko@yopmail.com,Nicaragua,firefighter
1796,Elena,Ricarda,Elena.Ricarda@yopmail.com,Solomon Islands,police officer
1797,Daphne,Robertson,Daphne.Robertson@yopmail.com,Slovakia,developer
1798,Benita,Gamaliel,Benita.Gamaliel@yopmail.com,Mongolia,doctor
1799,Wanda,Riva,Wanda.Riva@yopmail.com,Montserrat,firefighter
1800,Correy,Emmaline,Correy.Emmaline@yopmail.com,Togo,worker
1801,Berget,Bigner,Berget.Bigner@yopmail.com,Sao Tome and Principe,firefighter
1802,Raf,Luhe,Raf.Luhe@yopmail.com,Sao Tome and Principe,police officer
1803,Jackie,Pond,Jackie.Pond@yopmail.com,Malta,worker
1804,Sindee,Helfand,Sindee.Helfand@yopmail.com,Armenia,firefighter
1805,Odessa,Niccolo,Odessa.Niccolo@yopmail.com,Pitcairn,developer
1806,Frieda,Zamora,Frieda.Zamora@yopmail.com,Norfolk Island,firefighter
1807,Philis,Jethro,Philis.Jethro@yopmail.com,"Virgin Islands, British",police officer
1808,Caritta,Lilas,Caritta.Lilas@yopmail.com,Venezuela,firefighter
1809,Briney,Loleta,Briney.Loleta@yopmail.com,Trinidad and Tobago,worker
1810,Linet,Waite,Linet.Waite@yopmail.com,Albania,police officer
1811,Sidoney,Hurley,Sidoney.Hurley@yopmail.com,Montserrat,police officer
1812,Jackie,Taima,Jackie.Taima@yopmail.com,Algeria,developer
1813,Meg,Zuzana,Meg.Zuzana@yopmail.com,Pitcairn,firefighter
1814,Ottilie,Frodi,Ottilie.Frodi@yopmail.com,Zimbabwe,developer
1815,Darci,Kellby,Darci.Kellby@yopmail.com,Croatia,worker
1816,Claudina,Gaal,Claudina.Gaal@yopmail.com,Fiji,police officer
1817,Fawne,Kravits,Fawne.Kravits@yopmail.com,Uzbekistan,doctor
1818,Lizzie,Delacourt,Lizzie.Delacourt@yopmail.com,Western Sahara,doctor
1819,Marinna,Truc,Marinna.Truc@yopmail.com,French Polynesia,firefighter
1820,Roberta,Kenney,Roberta.Kenney@yopmail.com,Viet Nam,police officer
1821,Merle,Pyle,Merle.Pyle@yopmail.com,Saudi Arabia,police officer
1822,Elbertina,Chick,Elbertina.Chick@yopmail.com,New Caledonia,firefighter
1823,Suzette,Newell,Suzette.Newell@yopmail.com,Montserrat,worker
1824,Kimmy,Agle,Kimmy.Agle@yopmail.com,Cuba,doctor
1825,Krystle,Baptlsta,Krystle.Baptlsta@yopmail.com,Guadeloupe,police officer
1826,Adele,Letsou,Adele.Letsou@yopmail.com,Tonga,doctor
1827,Larine,Buckler,Larine.Buckler@yopmail.com,Bermuda,doctor
1828,Melina,Anderea,Melina.Anderea@yopmail.com,Bolivia,doctor
1829,Ellette,Bigner,Ellette.Bigner@yopmail.com,Cape Verde,developer
1830,Codie,Blake,Codie.Blake@yopmail.com,Singapore,doctor
1831,Chrystel,Mott,Chrystel.Mott@yopmail.com,Estonia,firefighter
1832,Kamilah,Stevy,Kamilah.Stevy@yopmail.com,Jersey,worker
1833,Pamella,Lamoree,Pamella.Lamoree@yopmail.com,Grenada,doctor
1834,Allyce,Karylin,Allyce.Karylin@yopmail.com,Bangladesh,firefighter
1835,Brynna,Rooney,Brynna.Rooney@yopmail.com,Chad,firefighter
1836,Patricia,Horan,Patricia.Horan@yopmail.com,Georgia,firefighter
1837,Halette,Mendez,Halette.Mendez@yopmail.com,Greenland,doctor
1838,Minne,Poll,Minne.Poll@yopmail.com,Guernsey,worker
1839,Ericka,Ogren,Ericka.Ogren@yopmail.com,Cook Islands,firefighter
1840,Juliane,Rugen,Juliane.Rugen@yopmail.com,Ethiopia,firefighter
1841,Merrie,Kenwood,Merrie.Kenwood@yopmail.com,Saint Kitts and Nevis,worker
1842,Melanie,Aprile,Melanie.Aprile@yopmail.com,Congo,firefighter
1843,Carmela,Kirbee,Carmela.Kirbee@yopmail.com,Cambodia,police officer
1844,Gabriellia,Wittie,Gabriellia.Wittie@yopmail.com,Gibraltar,developer
1845,Pollyanna,Kosey,Pollyanna.Kosey@yopmail.com,Turkmenistan,firefighter
1846,Genovera,Leary,Genovera.Leary@yopmail.com,Honduras,worker
1847,Celestyna,Thema,Celestyna.Thema@yopmail.com,Papua New Guinea,doctor
1848,Darlleen,Kylander,Darlleen.Kylander@yopmail.com,Namibia,worker
1849,Tiffie,Seligman,Tiffie.Seligman@yopmail.com,Eritrea,worker
1850,Meg,Michella,Meg.Michella@yopmail.com,Afghanistan,police officer
1851,Iseabal,Nickola,Iseabal.Nickola@yopmail.com,French Southern Territories,firefighter
1852,Taffy,Rad,Taffy.Rad@yopmail.com,Antarctica,developer
1853,Gloria,Darbie,Gloria.Darbie@yopmail.com,Equatorial Guinea,firefighter
1854,Jorry,Corilla,Jorry.Corilla@yopmail.com,Sao Tome and Principe,developer
1855,Helsa,Lorenz,Helsa.Lorenz@yopmail.com,Djibouti,developer
1856,Nollie,Neils,Nollie.Neils@yopmail.com,Mozambique,firefighter
1857,Mathilda,Malanie,Mathilda.Malanie@yopmail.com,New Zealand,police officer
1858,Mireielle,Jarib,Mireielle.Jarib@yopmail.com,Estonia,doctor
1859,Brana,Hylan,Brana.Hylan@yopmail.com,Panama,worker
1860,Minda,Buffum,Minda.Buffum@yopmail.com,Tonga,doctor
1861,Trixi,Terrence,Trixi.Terrence@yopmail.com,Botswana,police officer
1862,Jaime,Edvard,Jaime.Edvard@yopmail.com,Mexico,firefighter
1863,Angela,Carey,Angela.Carey@yopmail.com,"Tanzania, United Republic of",police officer
1864,Maurene,Iaverne,Maurene.Iaverne@yopmail.com,Sao Tome and Principe,doctor
1865,Neila,Bates,Neila.Bates@yopmail.com,Chad,worker
1866,Carol-Jean,Crudden,Carol-Jean.Crudden@yopmail.com,Madagascar,police officer
1867,Georgina,Harday,Georgina.Harday@yopmail.com,Iraq,firefighter
1868,Tierney,Scammon,Tierney.Scammon@yopmail.com,Wallis and Futuna,developer
1869,Florie,Sadowski,Florie.Sadowski@yopmail.com,Guadeloupe,worker
1870,Aurelie,Felecia,Aurelie.Felecia@yopmail.com,Burundi,developer
1871,Isa,Morehouse,Isa.Morehouse@yopmail.com,"Virgin Islands, British",police officer
1872,Kimmy,Heisel,Kimmy.Heisel@yopmail.com,"Palestinian Territory, Occupied",police officer
1873,Joelly,Shanley,Joelly.Shanley@yopmail.com,Zimbabwe,police officer
1874,Fayre,Gualtiero,Fayre.Gualtiero@yopmail.com,Armenia,doctor
1875,Calla,Imelida,Calla.Imelida@yopmail.com,Trinidad and Tobago,police officer
1876,Wanda,Eiser,Wanda.Eiser@yopmail.com,Cyprus,developer
1877,Elie,Genna,Elie.Genna@yopmail.com,Cayman Islands,firefighter
1878,Sam,Ranjiv,Sam.Ranjiv@yopmail.com,Costa Rica,developer
1879,Angelique,Rocray,Angelique.Rocray@yopmail.com,Kyrgyzstan,developer
1880,Donetta,McClimans,Donetta.McClimans@yopmail.com,Romania,developer
1881,Reeba,Codding,Reeba.Codding@yopmail.com,Mauritania,developer
1882,Gusty,Helve,Gusty.Helve@yopmail.com,Venezuela,firefighter
1883,Stephanie,Berard,Stephanie.Berard@yopmail.com,Costa Rica,developer
1884,Dominga,Gladstone,Dominga.Gladstone@yopmail.com,Tokelau,doctor
1885,Tera,Gualtiero,Tera.Gualtiero@yopmail.com,Antarctica,police officer
1886,Iseabal,Remmer,Iseabal.Remmer@yopmail.com,Brazil,worker
1887,Ninnetta,McGrody,Ninnetta.McGrody@yopmail.com,Solomon Islands,worker
1888,Zondra,Darbie,Zondra.Darbie@yopmail.com,Afghanistan,worker
1889,Caryl,Chem,Caryl.Chem@yopmail.com,Dominican Republic,firefighter
1890,Monika,Jacobah,Monika.Jacobah@yopmail.com,Italy,developer
1891,Ekaterina,Clarissa,Ekaterina.Clarissa@yopmail.com,Croatia,police officer
1892,Ebonee,Brenn,Ebonee.Brenn@yopmail.com,South Africa,worker
1893,Moyna,Calhoun,Moyna.Calhoun@yopmail.com,Belize,developer
1894,Valli,Arley,Valli.Arley@yopmail.com,United States Minor Outlying Islands,police officer
1895,Marnia,Bryna,Marnia.Bryna@yopmail.com,Philippines,doctor
1896,Janey,Wilkinson,Janey.Wilkinson@yopmail.com,Senegal,worker
1897,Lorne,Corabella,Lorne.Corabella@yopmail.com,Saint Vincent and the Grenadines,developer
1898,Robbi,Hunfredo,Robbi.Hunfredo@yopmail.com,Montserrat,worker
1899,Maridel,Ardra,Maridel.Ardra@yopmail.com,Indonesia,developer
1900,Lucille,Strephon,Lucille.Strephon@yopmail.com,"Palestinian Territory, Occupied",doctor
1901,Dolli,Harday,Dolli.Harday@yopmail.com,Dominican Republic,worker
1902,Priscilla,Mintz,Priscilla.Mintz@yopmail.com,Jersey,police officer
1903,Trixi,Margret,Trixi.Margret@yopmail.com,Tonga,firefighter
1904,Isa,Carri,Isa.Carri@yopmail.com,Dominican Republic,firefighter
1905,Tierney,Loleta,Tierney.Loleta@yopmail.com,Colombia,worker
1906,Pollyanna,Breed,Pollyanna.Breed@yopmail.com,Antigua and Barbuda,firefighter
1907,Kimmy,Philoo,Kimmy.Philoo@yopmail.com,"Macedonia, The Former Yugoslav Republic of",doctor
1908,Queenie,Poll,Queenie.Poll@yopmail.com,Monaco,worker
1909,Jasmina,Janith,Jasmina.Janith@yopmail.com,Papua New Guinea,developer
1910,Aurore,Ammann,Aurore.Ammann@yopmail.com,United States Minor Outlying Islands,worker
1911,Mariele,Dielu,Mariele.Dielu@yopmail.com,French Southern Territories,developer
1912,Libbie,Wadell,Libbie.Wadell@yopmail.com,Guernsey,police officer
1913,Fanchon,Karna,Fanchon.Karna@yopmail.com,Morocco,doctor
1914,Georgina,Charity,Georgina.Charity@yopmail.com,Maldives,developer
1915,Xylina,Telfer,Xylina.Telfer@yopmail.com,Kenya,firefighter
1916,Rubie,Esmaria,Rubie.Esmaria@yopmail.com,French Southern Territories,police officer
1917,Nita,Karna,Nita.Karna@yopmail.com,Sri Lanka,developer
1918,Marti,Telfer,Marti.Telfer@yopmail.com,Guadeloupe,police officer
1919,Marguerite,O'Neill,Marguerite.O'Neill@yopmail.com,China,firefighter
1920,Arlina,Kalinda,Arlina.Kalinda@yopmail.com,Malta,doctor
1921,Alisha,Orpah,Alisha.Orpah@yopmail.com,"Moldova, Republic of",developer
1922,Tera,Andrel,Tera.Andrel@yopmail.com,AndorrA,worker
1923,Renie,Linskey,Renie.Linskey@yopmail.com,Georgia,developer
1924,Lorenza,Raimondo,Lorenza.Raimondo@yopmail.com,Oman,police officer
1925,Rani,Travax,Rani.Travax@yopmail.com,"Palestinian Territory, Occupied",firefighter
1926,Aurelie,Mandler,Aurelie.Mandler@yopmail.com,Azerbaijan,doctor
1927,Ariela,Brieta,Ariela.Brieta@yopmail.com,Christmas Island,developer
1928,Jenilee,Klemperer,Jenilee.Klemperer@yopmail.com,Bouvet Island,doctor
1929,Cassandra,Brittani,Cassandra.Brittani@yopmail.com,Kiribati,police officer
1930,Roslyn,Cynar,Roslyn.Cynar@yopmail.com,Israel,firefighter
1931,Myrtice,Kolnick,Myrtice.Kolnick@yopmail.com,Bangladesh,worker
1932,Minne,Danby,Minne.Danby@yopmail.com,Paraguay,firefighter
1933,Tani,Rese,Tani.Rese@yopmail.com,Portugal,firefighter
1934,Dawn,Amethist,Dawn.Amethist@yopmail.com,Cook Islands,police officer
1935,Mariann,Gahl,Mariann.Gahl@yopmail.com,Nicaragua,firefighter
1936,Nickie,Stuart,Nickie.Stuart@yopmail.com,"Palestinian Territory, Occupied",doctor
1937,Fina,Gower,Fina.Gower@yopmail.com,Bouvet Island,worker
1938,Katuscha,Kauppi,Katuscha.Kauppi@yopmail.com,Afghanistan,developer
1939,Yetty,Durware,Yetty.Durware@yopmail.com,United States Minor Outlying Islands,worker
1940,Angelique,Hirsch,Angelique.Hirsch@yopmail.com,United Kingdom,doctor
1941,Nicoli,Therine,Nicoli.Therine@yopmail.com,Morocco,worker
1942,Clary,Amadas,Clary.Amadas@yopmail.com,Saint Pierre and Miquelon,firefighter
1943,Verla,Joachim,Verla.Joachim@yopmail.com,Latvia,developer
1944,Eve,Fry,Eve.Fry@yopmail.com,Guinea,developer
1945,Vivia,Sigfrid,Vivia.Sigfrid@yopmail.com,Cuba,developer
1946,Caritta,Hutchison,Caritta.Hutchison@yopmail.com,Togo,developer
1947,Jaclyn,Luhe,Jaclyn.Luhe@yopmail.com,Montserrat,developer
1948,Daphne,Dowski,Daphne.Dowski@yopmail.com,Belarus,police officer
1949,Mellicent,Francene,Mellicent.Francene@yopmail.com,Belize,police officer
1950,Clarice,Heisel,Clarice.Heisel@yopmail.com,Bouvet Island,worker
1951,Caressa,Schalles,Caressa.Schalles@yopmail.com,Mauritius,worker
1952,Modestia,Jena,Modestia.Jena@yopmail.com,Mali,developer
1953,Jillayne,Seumas,Jillayne.Seumas@yopmail.com,Bahamas,police officer
1954,Britni,Gombach,Britni.Gombach@yopmail.com,"Korea, Democratic People""S Republic of",police officer
1955,Odessa,Michella,Odessa.Michella@yopmail.com,Gabon,police officer
1956,Marleah,Fleeta,Marleah.Fleeta@yopmail.com,Chile,worker
1957,Sharlene,My,Sharlene.My@yopmail.com,Russian Federation,firefighter
1958,Lynde,Junie,Lynde.Junie@yopmail.com,Swaziland,police officer
1959,Shannah,Thilda,Shannah.Thilda@yopmail.com,Lithuania,developer
1960,Deloria,Yusuk,Deloria.Yusuk@yopmail.com,Romania,firefighter
1961,Bobinette,Joachim,Bobinette.Joachim@yopmail.com,Palau,police officer
1962,Sheelagh,Bonilla,Sheelagh.Bonilla@yopmail.com,Bosnia and Herzegovina,developer
1963,Bill,Avi,Bill.Avi@yopmail.com,Faroe Islands,police officer
1964,Katuscha,Munn,Katuscha.Munn@yopmail.com,Ghana,doctor
1965,Janenna,Gavrila,Janenna.Gavrila@yopmail.com,Belarus,police officer
1966,Drucie,Fennessy,Drucie.Fennessy@yopmail.com,Ecuador,firefighter
1967,Mignon,Mullane,Mignon.Mullane@yopmail.com,Spain,worker
1968,Lizzie,Angelis,Lizzie.Angelis@yopmail.com,Malaysia,police officer
1969,Chloris,Thema,Chloris.Thema@yopmail.com,Eritrea,developer
1970,Wendi,Esmaria,Wendi.Esmaria@yopmail.com,Saudi Arabia,doctor
1971,Andeee,Hirsch,Andeee.Hirsch@yopmail.com,"Palestinian Territory, Occupied",developer
1972,Hettie,Aloise,Hettie.Aloise@yopmail.com,United Kingdom,worker
1973,Ricky,Kirbee,Ricky.Kirbee@yopmail.com,Ecuador,police officer
1974,Dione,Jillane,Dione.Jillane@yopmail.com,Romania,firefighter
1975,Meg,Birdella,Meg.Birdella@yopmail.com,American Samoa,doctor
1976,Nikki,Cutlerr,Nikki.Cutlerr@yopmail.com,Gabon,doctor
1977,Eugine,Mehalek,Eugine.Mehalek@yopmail.com,Antarctica,police officer
1978,Latisha,Beebe,Latisha.Beebe@yopmail.com,Serbia and Montenegro,worker
1979,Brynna,Edvard,Brynna.Edvard@yopmail.com,Gabon,doctor
1980,Camile,Hashim,Camile.Hashim@yopmail.com,El Salvador,doctor
1981,Danika,Merna,Danika.Merna@yopmail.com,Qatar,doctor
1982,Lanna,Engdahl,Lanna.Engdahl@yopmail.com,French Guiana,doctor
1983,Jobi,Berne,Jobi.Berne@yopmail.com,Egypt,developer
1984,Jacquetta,Firmin,Jacquetta.Firmin@yopmail.com,Nicaragua,developer
1985,Rebeca,Dituri,Rebeca.Dituri@yopmail.com,Mali,doctor
1986,Fawne,Kare,Fawne.Kare@yopmail.com,Luxembourg,developer
1987,Pearline,Weitman,Pearline.Weitman@yopmail.com,Honduras,firefighter
1988,Jere,Gamaliel,Jere.Gamaliel@yopmail.com,Dominica,doctor
1989,Jerry,Ochs,Jerry.Ochs@yopmail.com,Guinea,firefighter
1990,Karly,Kylander,Karly.Kylander@yopmail.com,Guam,doctor
1991,Sarette,Slifka,Sarette.Slifka@yopmail.com,French Guiana,firefighter
1992,Violet,Wilona,Violet.Wilona@yopmail.com,Greece,police officer
1993,Tarra,Ledah,Tarra.Ledah@yopmail.com,Bhutan,firefighter
1994,Zia,Frodi,Zia.Frodi@yopmail.com,Kyrgyzstan,worker
1995,Sibella,Orelee,Sibella.Orelee@yopmail.com,Italy,worker
1996,Danika,Ivens,Danika.Ivens@yopmail.com,Solomon Islands,developer
1997,Flo,Odell,Flo.Odell@yopmail.com,Lesotho,firefighter
1998,Maridel,Phaidra,Maridel.Phaidra@yopmail.com,Portugal,developer
1999,Lanae,Sawtelle,Lanae.Sawtelle@yopmail.com,Christmas Island,doctor