id,firstname,lastname,email,email2,profession
100,Flory,Vale,Flory.Vale@yopmail.com,Flory.Vale@gmail.com,developer
101,Ethel,Artie,Ethel.Artie@yopmail.com,Ethel.Artie@gmail.com,police officer
102,Kary,Adore,Kary.Adore@yopmail.com,Kary.Adore@gmail.com,firefighter
103,Di,Tomasina,Di.Tomasina@yopmail.com,Di.Tomasina@gmail.com,worker
104,Melina,Brady,Melina.Brady@yopmail.com,Melina.Brady@gmail.com,doctor
105,Nickie,Izaak,Nickie.Izaak@yopmail.com,Nickie.Izaak@gmail.com,developer
106,Elvira,Liebermann,Elvira.Liebermann@yopmail.com,Elvira.Liebermann@gmail.com,firefighter
107,Sybille,Astra,Sybille.Astra@yopmail.com,Sybille.Astra@gmail.com,police officer
108,Florencia,Rad,Florencia.Rad@yopmail.com,Florencia.Rad@gmail.com,police officer
109,Leontine,Therine,Leontine.Therine@yopmail.com,Leontine.Therine@gmail.com,firefighter
110,Riannon,Goddard,Riannon.Goddard@yopmail.com,Riannon.Goddard@gmail.com,doctor
111,Cissiee,Kare,Cissiee.Kare@yopmail.com,Cissiee.Kare@gmail.com,worker
112,Zsa Zsa,Morgun,Zsa Zsa.Morgun@yopmail.com,Zsa Zsa.Morgun@gmail.com,police officer
113,Rori,Liva,Rori.Liva@yopmail.com,Rori.Liva@gmail.com,worker
114,Aurelie,Melony,Aurelie.Melony@yopmail.com,Aurelie.Melony@gmail.com,doctor
115,Tierney,Kendrick,Tierney.Kendrick@yopmail.com,Tierney.Kendrick@gmail.com,developer
116,Corry,Eliathas,Corry.Eliathas@yopmail.com,Corry.Eliathas@gmail.com,developer
117,Dania,Crudden,Dania.Crudden@yopmail.com,Dania.Crudden@gmail.com,developer
118,Agnese,Jaylene,Agnese.Jaylene@yopmail.com,Agnese.Jaylene@gmail.com,firefighter
119,Karena,Pierette,Karena.Pierette@yopmail.com,Karena.Pierette@gmail.com,firefighter
120,Gwyneth,Elbertina,Gwyneth.Elbertina@yopmail.com,Gwyneth.Elbertina@gmail.com,firefighter
121,Jerry,Roumell,Jerry.Roumell@yopmail.com,Jerry.Roumell@gmail.com,doctor
122,Addia,Westphal,Addia.Westphal@yopmail.com,Addia.Westphal@gmail.com,firefighter
123,Vevay,Glenden,Vevay.Glenden@yopmail.com,Vevay.Glenden@gmail.com,developer
124,Amelia,Merna,Amelia.Merna@yopmail.com,Amelia.Merna@gmail.com,firefighter
125,Gerianna,Wattenberg,Gerianna.Wattenberg@yopmail.com,Gerianna.Wattenberg@gmail.com,police officer
126,Clarice,Kamaria,Clarice.Kamaria@yopmail.com,Clarice.Kamaria@gmail.com,firefighter
127,Emelina,Wyn,Emelina.Wyn@yopmail.com,Emelina.Wyn@gmail.com,worker
128,Alia,Sheng,Alia.Sheng@yopmail.com,Alia.Sheng@gmail.com,firefighter
129,Emylee,Seessel,Emylee.Seessel@yopmail.com,Emylee.Seessel@gmail.com,worker
130,Lucy,Rurik,Lucy.Rurik@yopmail.com,Lucy.Rurik@gmail.com,developer
131,Heddie,Rozanna,Heddie.Rozanna@yopmail.com,Heddie.Rozanna@gmail.com,worker
132,Yetty,Bigner,Yetty.Bigner@yopmail.com,Yetty.Bigner@gmail.com,firefighter
133,Chloris,Alisia,Chloris.Alisia@yopmail.com,Chloris.Alisia@gmail.com,police officer
134,Leanna,Cyrie,Leanna.Cyrie@yopmail.com,Leanna.Cyrie@gmail.com,doctor
135,Margette,Colp,Margette.Colp@yopmail.com,Margette.Colp@gmail.com,police officer
136,Sean,Daveta,Sean.Daveta@yopmail.com,Sean.Daveta@gmail.com,police officer
137,Frieda,Deegan,Frieda.Deegan@yopmail.com,Frieda.Deegan@gmail.com,doctor
138,Cecile,Khorma,Cecile.Khorma@yopmail.com,Cecile.Khorma@gmail.com,firefighter
139,Ernesta,Emmaline,Ernesta.Emmaline@yopmail.com,Ernesta.Emmaline@gmail.com,doctor
140,Arlena,Dichy,Arlena.Dichy@yopmail.com,Arlena.Dichy@gmail.com,worker
141,Queenie,Kosey,Queenie.Kosey@yopmail.com,Queenie.Kosey@gmail.com,worker
142,Jemie,Bettine,Jemie.Bettine@yopmail.com,Jemie.Bettine@gmail.com,doctor
143,Jobi,Ovid,Jobi.Ovid@yopmail.com,Jobi.Ovid@gmail.com,police officer
144,Ofilia,Raseda,Ofilia.Raseda@yopmail.com,Ofilia.Raseda@gmail.com,worker
145,Minda,Libna,Minda.Libna@yopmail.com,Minda.Libna@gmail.com,worker
146,Jolyn,Curren,Jolyn.Curren@yopmail.com,Jolyn.Curren@gmail.com,doctor
147,Aeriela,Levey,Aeriela.Levey@yopmail.com,Aeriela.Levey@gmail.com,doctor
148,Roberta,Docilla,Roberta.Docilla@yopmail.com,Roberta.Docilla@gmail.com,doctor
149,Amelia,Lytton,Amelia.Lytton@yopmail.com,Amelia.Lytton@gmail.com,developer
150,Kathy,Toor,Kathy.Toor@yopmail.com,Kathy.Toor@gmail.com,firefighter
151,Merle,Sheedy,Merle.Sheedy@yopmail.com,Merle.Sheedy@gmail.com,police officer
152,Donnie,Middleton,Donnie.Middleton@yopmail.com,Donnie.Middleton@gmail.com,police officer
153,Ariela,Granoff,Ariela.Granoff@yopmail.com,Ariela.Granoff@gmail.com,police officer
154,Margarette,Nickola,Margarette.Nickola@yopmail.com,Margarette.Nickola@gmail.com,doctor
155,Diena,Daegal,Diena.Daegal@yopmail.com,Diena.Daegal@gmail.com,doctor
156,Lindie,Pattin,Lindie.Pattin@yopmail.com,Lindie.Pattin@gmail.com,firefighter
157,Cathie,Dichy,Cathie.Dichy@yopmail.com,Cathie.Dichy@gmail.com,doctor
158,Edee,Stephie,Edee.Stephie@yopmail.com,Edee.Stephie@gmail.com,developer
159,Hallie,Trace,Hallie.Trace@yopmail.com,Hallie.Trace@gmail.com,firefighter
160,Vevay,Ciro,Vevay.Ciro@yopmail.com,Vevay.Ciro@gmail.com,developer
161,Molli,Seessel,Molli.Seessel@yopmail.com,Molli.Seessel@gmail.com,worker
162,Max,Ulphia,Max.Ulphia@yopmail.com,Max.Ulphia@gmail.com,police officer
163,Tilly,Willie,Tilly.Willie@yopmail.com,Tilly.Willie@gmail.com,police officer
164,Shel,Gaspard,Shel.Gaspard@yopmail.com,Shel.Gaspard@gmail.com,developer
165,Lorie,Orelee,Lorie.Orelee@yopmail.com,Lorie.Orelee@gmail.com,firefighter
166,Kathy,Gert,Kathy.Gert@yopmail.com,Kathy.Gert@gmail.com,worker
167,Lynnea,Egbert,Lynnea.Egbert@yopmail.com,Lynnea.Egbert@gmail.com,firefighter
168,Atlanta,Kathie,Atlanta.Kathie@yopmail.com,Atlanta.Kathie@gmail.com,developer
169,Ashlee,Adlare,Ashlee.Adlare@yopmail.com,Ashlee.Adlare@gmail.com,doctor
170,Bertine,Persse,Bertine.Persse@yopmail.com,Bertine.Persse@gmail.com,firefighter
171,Sibella,Carlson,Sibella.Carlson@yopmail.com,Sibella.Carlson@gmail.com,developer
172,Jaclyn,Hertzfeld,Jaclyn.Hertzfeld@yopmail.com,Jaclyn.Hertzfeld@gmail.com,firefighter
173,Kamilah,Anastatius,Kamilah.Anastatius@yopmail.com,Kamilah.Anastatius@gmail.com,firefighter
174,Lacie,Thar,Lacie.Thar@yopmail.com,Lacie.Thar@gmail.com,doctor
175,Goldie,McGrody,Goldie.McGrody@yopmail.com,Goldie.McGrody@gmail.com,developer
176,Pearline,Phyllis,Pearline.Phyllis@yopmail.com,Pearline.Phyllis@gmail.com,developer
177,Lynnea,Kazimir,Lynnea.Kazimir@yopmail.com,Lynnea.Kazimir@gmail.com,developer
178,Almeta,Sibyls,Almeta.Sibyls@yopmail.com,Almeta.Sibyls@gmail.com,police officer
179,Lyssa,Martsen,Lyssa.Martsen@yopmail.com,Lyssa.Martsen@gmail.com,worker
180,Damaris,Mich,Damaris.Mich@yopmail.com,Damaris.Mich@gmail.com,doctor
181,Abbie,Virgin,Abbie.Virgin@yopmail.com,Abbie.Virgin@gmail.com,worker
182,Meghann,Lay,Meghann.Lay@yopmail.com,Meghann.Lay@gmail.com,police officer
183,Ursulina,Jagir,Ursulina.Jagir@yopmail.com,Ursulina.Jagir@gmail.com,worker
184,Meg,Lanita,Meg.Lanita@yopmail.com,Meg.Lanita@gmail.com,developer
185,Imojean,Jacinda,Imojean.Jacinda@yopmail.com,Imojean.Jacinda@gmail.com,police officer
186,Anallese,Reidar,Anallese.Reidar@yopmail.com,Anallese.Reidar@gmail.com,doctor
187,Darlleen,Adrienne,Darlleen.Adrienne@yopmail.com,Darlleen.Adrienne@gmail.com,firefighter
188,Allyce,Boehike,Allyce.Boehike@yopmail.com,Allyce.Boehike@gmail.com,developer
189,Jordan,Alwin,Jordan.Alwin@yopmail.com,Jordan.Alwin@gmail.com,doctor
190,Oona,Ezar,Oona.Ezar@yopmail.com,Oona.Ezar@gmail.com,doctor
191,Doralynne,Allys,Doralynne.Allys@yopmail.com,Doralynne.Allys@gmail.com,doctor
192,Pamella,Campball,Pamella.Campball@yopmail.com,Pamella.Campball@gmail.com,firefighter
193,Janis,Ursulette,Janis.Ursulette@yopmail.com,Janis.Ursulette@gmail.com,worker
194,Regina,Shirberg,Regina.Shirberg@yopmail.com,Regina.Shirberg@gmail.com,police officer
195,Henriette,Boycey,Henriette.Boycey@yopmail.com,Henriette.Boycey@gmail.com,firefighter
196,Shandie,Aurelio,Shandie.Aurelio@yopmail.com,Shandie.Aurelio@gmail.com,firefighter
197,Lanna,Raseda,Lanna.Raseda@yopmail.com,Lanna.Raseda@gmail.com,doctor
198,Leia,Daegal,Leia.Daegal@yopmail.com,Leia.Daegal@gmail.com,developer
199,Tressa,Andrel,Tressa.Andrel@yopmail.com,Tressa.Andrel@gmail.com,firefighter
200,Ivett,Lipson,Ivett.Lipson@yopmail.com,Ivett.Lipson@gmail.com,doctor
201,Eolanda,Krystle,Eolanda.Krystle@yopmail.com,Eolanda.Krystle@gmail.com,developer
202,Shandie,Alejoa,Shandie.Alejoa@yopmail.com,Shandie.Alejoa@gmail.com,firefighter
203,Feliza,Barbey,Feliza.Barbey@yopmail.com,Feliza.Barbey@gmail.com,worker
204,Alia,Anselmi,Alia.Anselmi@yopmail.com,Alia.Anselmi@gmail.com,developer
205,Susette,Ioab,Susette.Ioab@yopmail.com,Susette.Ioab@gmail.com,firefighter
206,Lynnea,Greyson,Lynnea.Greyson@yopmail.com,Lynnea.Greyson@gmail.com,doctor
207,Nananne,Klemperer,Nananne.Klemperer@yopmail.com,Nananne.Klemperer@gmail.com,worker
208,Sabina,Deegan,Sabina.Deegan@yopmail.com,Sabina.Deegan@gmail.com,police officer
209,Kary,Cath,Kary.Cath@yopmail.com,Kary.Cath@gmail.com,police officer
210,Charissa,Klemperer,Charissa.Klemperer@yopmail.com,Charissa.Klemperer@gmail.com,worker
211,June,Giule,June.Giule@yopmail.com,June.Giule@gmail.com,worker
212,Farrah,Nea,Farrah.Nea@yopmail.com,Farrah.Nea@gmail.com,developer
213,Kassey,Eiser,Kassey.Eiser@yopmail.com,Kassey.Eiser@gmail.com,police officer
214,Meriel,Wandie,Meriel.Wandie@yopmail.com,Meriel.Wandie@gmail.com,police officer
215,Anthia,Jerold,Anthia.Jerold@yopmail.com,Anthia.Jerold@gmail.com,doctor
216,Mathilda,Pelagias,Mathilda.Pelagias@yopmail.com,Mathilda.Pelagias@gmail.com,developer
217,Florie,Drus,Florie.Drus@yopmail.com,Florie.Drus@gmail.com,doctor
218,Kristan,Reidar,Kristan.Reidar@yopmail.com,Kristan.Reidar@gmail.com,firefighter
219,Lisette,Decato,Lisette.Decato@yopmail.com,Lisette.Decato@gmail.com,firefighter
220,Noelle,Ader,Noelle.Ader@yopmail.com,Noelle.Ader@gmail.com,police officer
221,Shel,Dosia,Shel.Dosia@yopmail.com,Shel.Dosia@gmail.com,worker
222,Cristine,Guildroy,Cristine.Guildroy@yopmail.com,Cristine.Guildroy@gmail.com,doctor
223,Charlena,Bluh,Charlena.Bluh@yopmail.com,Charlena.Bluh@gmail.com,doctor
224,Fredericka,Bebe,Fredericka.Bebe@yopmail.com,Fredericka.Bebe@gmail.com,police officer
225,Allyce,Glovsky,Allyce.Glovsky@yopmail.com,Allyce.Glovsky@gmail.com,doctor
226,Georgetta,Roscoe,Georgetta.Roscoe@yopmail.com,Georgetta.Roscoe@gmail.com,worker
227,Helsa,Clara,Helsa.Clara@yopmail.com,Helsa.Clara@gmail.com,doctor
228,Ida,Kenney,Ida.Kenney@yopmail.com,Ida.Kenney@gmail.com,worker
229,Annora,Magdalen,Annora.Magdalen@yopmail.com,Annora.Magdalen@gmail.com,worker
230,Dania,Travax,Dania.Travax@yopmail.com,Dania.Travax@gmail.com,doctor
231,Goldie,Delp,Goldie.Delp@yopmail.com,Goldie.Delp@gmail.com,developer
232,Nyssa,Kiyoshi,Nyssa.Kiyoshi@yopmail.com,Nyssa.Kiyoshi@gmail.com,worker
233,Sashenka,Roxanna,Sashenka.Roxanna@yopmail.com,Sashenka.Roxanna@gmail.com,developer
234,Cyndie,Nicoline,Cyndie.Nicoline@yopmail.com,Cyndie.Nicoline@gmail.com,worker
235,Talya,Erminia,Talya.Erminia@yopmail.com,Talya.Erminia@gmail.com,doctor
236,Pierette,Thunell,Pierette.Thunell@yopmail.com,Pierette.Thunell@gmail.com,firefighter
237,Verla,Charmine,Verla.Charmine@yopmail.com,Verla.Charmine@gmail.com,developer
238,Lenna,Noam,Lenna.Noam@yopmail.com,Lenna.Noam@gmail.com,police officer
239,Petronia,Trace,Petronia.Trace@yopmail.com,Petronia.Trace@gmail.com,doctor
240,Stevana,Winthorpe,Stevana.Winthorpe@yopmail.com,Stevana.Winthorpe@gmail.com,developer
241,Melanie,Zetta,Melanie.Zetta@yopmail.com,Melanie.Zetta@gmail.com,worker
242,Lilith,Odell,Lilith.Odell@yopmail.com,Lilith.Odell@gmail.com,firefighter
243,Donnie,Faso,Donnie.Faso@yopmail.com,Donnie.Faso@gmail.com,doctor
244,Hope,Pierette,Hope.Pierette@yopmail.com,Hope.Pierette@gmail.com,developer
245,Meghann,Reinke,Meghann.Reinke@yopmail.com,Meghann.Reinke@gmail.com,doctor
246,Sarette,Sidonius,Sarette.Sidonius@yopmail.com,Sarette.Sidonius@gmail.com,worker
247,Jennica,Pearse,Jennica.Pearse@yopmail.com,Jennica.Pearse@gmail.com,doctor
248,Ayn,Romelda,Ayn.Romelda@yopmail.com,Ayn.Romelda@gmail.com,worker
249,Devina,Cimbura,Devina.Cimbura@yopmail.com,Devina.Cimbura@gmail.com,doctor
250,Romona,Colleen,Romona.Colleen@yopmail.com,Romona.Colleen@gmail.com,firefighter
251,Roz,Lymann,Roz.Lymann@yopmail.com,Roz.Lymann@gmail.com,police officer
252,Modestia,Elsinore,Modestia.Elsinore@yopmail.com,Modestia.Elsinore@gmail.com,doctor
253,Eadie,Hertzfeld,Eadie.Hertzfeld@yopmail.com,Eadie.Hertzfeld@gmail.com,doctor
254,Carly,Braun,Carly.Braun@yopmail.com,Carly.Braun@gmail.com,developer
255,Jere,Bearnard,Jere.Bearnard@yopmail.com,Jere.Bearnard@gmail.com,police officer
256,Joelly,Klemperer,Joelly.Klemperer@yopmail.com,Joelly.Klemperer@gmail.com,police officer
257,Ezmeralda,Tyson,Ezmeralda.Tyson@yopmail.com,Ezmeralda.Tyson@gmail.com,firefighter
258,Robinia,Christine,Robinia.Christine@yopmail.com,Robinia.Christine@gmail.com,police officer
259,Ingrid,Letsou,Ingrid.Letsou@yopmail.com,Ingrid.Letsou@gmail.com,firefighter
260,Margette,Richers,Margette.Richers@yopmail.com,Margette.Richers@gmail.com,worker
261,Dulce,Harned,Dulce.Harned@yopmail.com,Dulce.Harned@gmail.com,doctor
262,Bettine,Hylan,Bettine.Hylan@yopmail.com,Bettine.Hylan@gmail.com,police officer
263,Gwenneth,Tarrant,Gwenneth.Tarrant@yopmail.com,Gwenneth.Tarrant@gmail.com,worker
264,Etta,Emmaline,Etta.Emmaline@yopmail.com,Etta.Emmaline@gmail.com,worker
265,Feliza,Annice,Feliza.Annice@yopmail.com,Feliza.Annice@gmail.com,developer
266,Janenna,August,Janenna.August@yopmail.com,Janenna.August@gmail.com,worker
267,Jessamyn,Jacinda,Jessamyn.Jacinda@yopmail.com,Jessamyn.Jacinda@gmail.com,firefighter
268,Melisent,Hubert,Melisent.Hubert@yopmail.com,Melisent.Hubert@gmail.com,doctor
269,Jany,Klotz,Jany.Klotz@yopmail.com,Jany.Klotz@gmail.com,firefighter
270,Roz,Vins,Roz.Vins@yopmail.com,Roz.Vins@gmail.com,worker
271,Queenie,Faso,Queenie.Faso@yopmail.com,Queenie.Faso@gmail.com,doctor
272,Antonietta,Hanshaw,Antonietta.Hanshaw@yopmail.com,Antonietta.Hanshaw@gmail.com,firefighter
273,Katharina,Damarra,Katharina.Damarra@yopmail.com,Katharina.Damarra@gmail.com,worker
274,Michaelina,Helve,Michaelina.Helve@yopmail.com,Michaelina.Helve@gmail.com,developer
275,Genovera,Susannah,Genovera.Susannah@yopmail.com,Genovera.Susannah@gmail.com,worker
276,Alisha,Germann,Alisha.Germann@yopmail.com,Alisha.Germann@gmail.com,developer
277,Emilia,Podvin,Emilia.Podvin@yopmail.com,Emilia.Podvin@gmail.com,worker
278,Goldie,Pitt,Goldie.Pitt@yopmail.com,Goldie.Pitt@gmail.com,doctor
279,Orelia,Presber,Orelia.Presber@yopmail.com,Orelia.Presber@gmail.com,police officer
280,Sheree,Vale,Sheree.Vale@yopmail.com,Sheree.Vale@gmail.com,police officer
281,Cam,Corabella,Cam.Corabella@yopmail.com,Cam.Corabella@gmail.com,firefighter
282,Jan,Radu,Jan.Radu@yopmail.com,Jan.Radu@gmail.com,doctor
283,Justinn,Marsden,Justinn.Marsden@yopmail.com,Justinn.Marsden@gmail.com,police officer
284,Netty,Luhe,Netty.Luhe@yopmail.com,Netty.Luhe@gmail.com,firefighter
285,Mamie,Seagraves,Mamie.Seagraves@yopmail.com,Mamie.Seagraves@gmail.com,police officer
286,Netty,Freddi,Netty.Freddi@yopmail.com,Netty.Freddi@gmail.com,worker
287,Brietta,Friede,Brietta.Friede@yopmail.com,Brietta.Friede@gmail.com,developer
288,Camile,Warthman,Camile.Warthman@yopmail.com,Camile.Warthman@gmail.com,developer
289,Katharina,Brady,Katharina.Brady@yopmail.com,Katharina.Brady@gmail.com,developer
290,Lauryn,Warthman,Lauryn.Warthman@yopmail.com,Lauryn.Warthman@gmail.com,firefighter
291,Ekaterina,Yuille,Ekaterina.Yuille@yopmail.com,Ekaterina.Yuille@gmail.com,firefighter
292,Korrie,Alcott,Korrie.Alcott@yopmail.com,Korrie.Alcott@gmail.com,doctor
293,Hollie,Bergman,Hollie.Bergman@yopmail.com,Hollie.Bergman@gmail.com,doctor
294,Flo,Whiffen,Flo.Whiffen@yopmail.com,Flo.Whiffen@gmail.com,worker
295,Ivett,Carlson,Ivett.Carlson@yopmail.com,Ivett.Carlson@gmail.com,firefighter
296,Layla,Zitvaa,Layla.Zitvaa@yopmail.com,Layla.Zitvaa@gmail.com,worker
297,Carol-Jean,Ovid,Carol-Jean.Ovid@yopmail.com,Carol-Jean.Ovid@gmail.com,developer
298,Mahalia,Skurnik,Mahalia.Skurnik@yopmail.com,Mahalia.Skurnik@gmail.com,worker
299,Edith,Ranjiv,Edith.Ranjiv@yopmail.com,Edith.Ranjiv@gmail.com,firefighter
300,Sallie,Erskine,Sallie.Erskine@yopmail.com,Sallie.Erskine@gmail.com,worker
301,Tressa,Yerkovich,Tressa.Yerkovich@yopmail.com,Tressa.Yerkovich@gmail.com,police officer
302,Benita,Dowski,Benita.Dowski@yopmail.com,Benita.Dowski@gmail.com,developer
303,Robbi,Briney,Robbi.Briney@yopmail.com,Robbi.Briney@gmail.com,developer
304,Anica,Hessler,Anica.Hessler@yopmail.com,Anica.Hessler@gmail.com,doctor
305,Latisha,Loleta,Latisha.Loleta@yopmail.com,Latisha.Loleta@gmail.com,worker
306,Eugine,Vanni,Eugine.Vanni@yopmail.com,Eugine.Vanni@gmail.com,police officer
307,Catharine,Olin,Catharine.Olin@yopmail.com,Catharine.Olin@gmail.com,police officer
308,Daune,Roche,Daune.Roche@yopmail.com,Daune.Roche@gmail.com,police officer
309,Tressa,Taam,Tressa.Taam@yopmail.com,Tressa.Taam@gmail.com,police officer
310,Lindie,Birdella,Lindie.Birdella@yopmail.com,Lindie.Birdella@gmail.com,firefighter
311,Justinn,Emmaline,Justinn.Emmaline@yopmail.com,Justinn.Emmaline@gmail.com,police officer
312,Robbi,Urania,Robbi.Urania@yopmail.com,Robbi.Urania@gmail.com,firefighter
313,Cecile,Dielu,Cecile.Dielu@yopmail.com,Cecile.Dielu@gmail.com,worker
314,Hallie,Helve,Hallie.Helve@yopmail.com,Hallie.Helve@gmail.com,developer
315,Vonny,Rheingold,Vonny.Rheingold@yopmail.com,Vonny.Rheingold@gmail.com,developer
316,Deirdre,Iphlgenia,Deirdre.Iphlgenia@yopmail.com,Deirdre.Iphlgenia@gmail.com,worker
317,Jillayne,Christine,Jillayne.Christine@yopmail.com,Jillayne.Christine@gmail.com,developer
318,Fayre,Seagraves,Fayre.Seagraves@yopmail.com,Fayre.Seagraves@gmail.com,police officer
319,Minda,Howlyn,Minda.Howlyn@yopmail.com,Minda.Howlyn@gmail.com,developer
320,Jemie,Secrest,Jemie.Secrest@yopmail.com,Jemie.Secrest@gmail.com,police officer
321,Lanae,Lauraine,Lanae.Lauraine@yopmail.com,Lanae.Lauraine@gmail.com,developer
322,Edith,Chinua,Edith.Chinua@yopmail.com,Edith.Chinua@gmail.com,doctor
323,Desirae,Reneta,Desirae.Reneta@yopmail.com,Desirae.Reneta@gmail.com,firefighter
324,Olwen,Kannry,Olwen.Kannry@yopmail.com,Olwen.Kannry@gmail.com,police officer
325,Aubrie,Sadowski,Aubrie.Sadowski@yopmail.com,Aubrie.Sadowski@gmail.com,worker
326,Asia,Gert,Asia.Gert@yopmail.com,Asia.Gert@gmail.com,firefighter
327,Alex,Bluh,Alex.Bluh@yopmail.com,Alex.Bluh@gmail.com,developer
328,Aubrie,Kenwood,Aubrie.Kenwood@yopmail.com,Aubrie.Kenwood@gmail.com,doctor
329,Sashenka,Tound,Sashenka.Tound@yopmail.com,Sashenka.Tound@gmail.com,worker
330,Karly,Chapland,Karly.Chapland@yopmail.com,Karly.Chapland@gmail.com,police officer
331,Ira,Solitta,Ira.Solitta@yopmail.com,Ira.Solitta@gmail.com,doctor
332,Jillayne,Pernick,Jillayne.Pernick@yopmail.com,Jillayne.Pernick@gmail.com,developer
333,Joelly,Tillford,Joelly.Tillford@yopmail.com,Joelly.Tillford@gmail.com,developer
334,Melisent,Thema,Melisent.Thema@yopmail.com,Melisent.Thema@gmail.com,doctor
335,Monika,Bonucci,Monika.Bonucci@yopmail.com,Monika.Bonucci@gmail.com,police officer
336,Randa,Thomasina,Randa.Thomasina@yopmail.com,Randa.Thomasina@gmail.com,developer
337,Daphne,Roscoe,Daphne.Roscoe@yopmail.com,Daphne.Roscoe@gmail.com,doctor
338,Beth,Mike,Beth.Mike@yopmail.com,Beth.Mike@gmail.com,worker
339,Jemie,Hanleigh,Jemie.Hanleigh@yopmail.com,Jemie.Hanleigh@gmail.com,worker
340,Ada,Pierette,Ada.Pierette@yopmail.com,Ada.Pierette@gmail.com,worker
341,Jaime,Dosia,Jaime.Dosia@yopmail.com,Jaime.Dosia@gmail.com,police officer
342,Jeanna,Dawkins,Jeanna.Dawkins@yopmail.com,Jeanna.Dawkins@gmail.com,police officer
343,Britte,Velick,Britte.Velick@yopmail.com,Britte.Velick@gmail.com,firefighter
344,Daryl,Neils,Daryl.Neils@yopmail.com,Daryl.Neils@gmail.com,developer
345,Dianemarie,Ricarda,Dianemarie.Ricarda@yopmail.com,Dianemarie.Ricarda@gmail.com,firefighter
346,Adele,Linskey,Adele.Linskey@yopmail.com,Adele.Linskey@gmail.com,firefighter
347,Joelly,Iphlgenia,Joelly.Iphlgenia@yopmail.com,Joelly.Iphlgenia@gmail.com,firefighter
348,Wileen,Lalitta,Wileen.Lalitta@yopmail.com,Wileen.Lalitta@gmail.com,police officer
349,Trixi,Luhe,Trixi.Luhe@yopmail.com,Trixi.Luhe@gmail.com,firefighter
350,Johna,Lipson,Johna.Lipson@yopmail.com,Johna.Lipson@gmail.com,firefighter
351,Zaria,Bebe,Zaria.Bebe@yopmail.com,Zaria.Bebe@gmail.com,developer
352,Alejandra,Carmena,Alejandra.Carmena@yopmail.com,Alejandra.Carmena@gmail.com,developer
353,Chickie,Malanie,Chickie.Malanie@yopmail.com,Chickie.Malanie@gmail.com,firefighter
354,Ericka,Kat,Ericka.Kat@yopmail.com,Ericka.Kat@gmail.com,developer
355,Karina,Ardra,Karina.Ardra@yopmail.com,Karina.Ardra@gmail.com,worker
356,Sandie,Kat,Sandie.Kat@yopmail.com,Sandie.Kat@gmail.com,police officer
357,Theodora,Maurine,Theodora.Maurine@yopmail.com,Theodora.Maurine@gmail.com,doctor
358,Johna,Papageno,Johna.Papageno@yopmail.com,Johna.Papageno@gmail.com,developer
359,Fina,Loring,Fina.Loring@yopmail.com,Fina.Loring@gmail.com,worker
360,Paule,Giule,Paule.Giule@yopmail.com,Paule.Giule@gmail.com,developer
361,Collen,Vernier,Collen.Vernier@yopmail.com,Collen.Vernier@gmail.com,doctor
362,Myriam,Shelba,Myriam.Shelba@yopmail.com,Myriam.Shelba@gmail.com,police officer
363,Tybie,Burnside,Tybie.Burnside@yopmail.com,Tybie.Burnside@gmail.com,police officer
364,Wilma,Kenwood,Wilma.Kenwood@yopmail.com,Wilma.Kenwood@gmail.com,developer
365,Antonietta,Katrine,Antonietta.Katrine@yopmail.com,Antonietta.Katrine@gmail.com,police officer
366,Tamqrah,Stelle,Tamqrah.Stelle@yopmail.com,Tamqrah.Stelle@gmail.com,police officer
367,Gale,Maisey,Gale.Maisey@yopmail.com,Gale.Maisey@gmail.com,police officer
368,Jerry,Candy,Jerry.Candy@yopmail.com,Jerry.Candy@gmail.com,police officer
369,Caryl,Thema,Caryl.Thema@yopmail.com,Caryl.Thema@gmail.com,police officer
370,Starla,Rese,Starla.Rese@yopmail.com,Starla.Rese@gmail.com,developer
371,Annabela,Cristi,Annabela.Cristi@yopmail.com,Annabela.Cristi@gmail.com,police officer
372,Sybille,Kinnard,Sybille.Kinnard@yopmail.com,Sybille.Kinnard@gmail.com,developer
373,Grier,Carey,Grier.Carey@yopmail.com,Grier.Carey@gmail.com,doctor
374,Brietta,Bashemeth,Brietta.Bashemeth@yopmail.com,Brietta.Bashemeth@gmail.com,firefighter
375,Winifred,Lunsford,Winifred.Lunsford@yopmail.com,Winifred.Lunsford@gmail.com,doctor
376,Aubrie,Boehike,Aubrie.Boehike@yopmail.com,Aubrie.Boehike@gmail.com,police officer
377,Isa,Terencio,Isa.Terencio@yopmail.com,Isa.Terencio@gmail.com,firefighter
378,Lanae,Viddah,Lanae.Viddah@yopmail.com,Lanae.Viddah@gmail.com,worker
379,Kristan,Roscoe,Kristan.Roscoe@yopmail.com,Kristan.Roscoe@gmail.com,police officer
380,Merry,Waldron,Merry.Waldron@yopmail.com,Merry.Waldron@gmail.com,worker
381,Amara,Kauppi,Amara.Kauppi@yopmail.com,Amara.Kauppi@gmail.com,developer
382,Quintina,Kussell,Quintina.Kussell@yopmail.com,Quintina.Kussell@gmail.com,doctor
383,Lucy,Abernon,Lucy.Abernon@yopmail.com,Lucy.Abernon@gmail.com,doctor
384,Layla,Ursulette,Layla.Ursulette@yopmail.com,Layla.Ursulette@gmail.com,developer
385,Xylina,Poppy,Xylina.Poppy@yopmail.com,Xylina.Poppy@gmail.com,developer
386,Dagmar,Goddard,Dagmar.Goddard@yopmail.com,Dagmar.Goddard@gmail.com,developer
387,Nyssa,Vittoria,Nyssa.Vittoria@yopmail.com,Nyssa.Vittoria@gmail.com,worker
388,Roxane,Kussell,Roxane.Kussell@yopmail.com,Roxane.Kussell@gmail.com,doctor
389,Lyssa,Euridice,Lyssa.Euridice@yopmail.com,Lyssa.Euridice@gmail.com,firefighter
390,Valli,Raffo,Valli.Raffo@yopmail.com,Valli.Raffo@gmail.com,developer
391,Dorothy,Docilla,Dorothy.Docilla@yopmail.com,Dorothy.Docilla@gmail.com,doctor
392,Leontine,Elephus,Leontine.Elephus@yopmail.com,Leontine.Elephus@gmail.com,firefighter
393,Lynde,Salchunas,Lynde.Salchunas@yopmail.com,Lynde.Salchunas@gmail.com,worker
394,Vivia,Parsaye,Vivia.Parsaye@yopmail.com,Vivia.Parsaye@gmail.com,developer
395,Di,Konyn,Di.Konyn@yopmail.com,Di.Konyn@gmail.com,doctor
396,Chandra,Quinn,Chandra.Quinn@yopmail.com,Chandra.Quinn@gmail.com,worker
397,Mureil,Mullane,Mureil.Mullane@yopmail.com,Mureil.Mullane@gmail.com,doctor
398,Brana,Noelyn,Brana.Noelyn@yopmail.com,Brana.Noelyn@gmail.com,firefighter
399,Tressa,Narton,Tressa.Narton@yopmail.com,Tressa.Narton@gmail.com,firefighter
400,Chere,Andrel,Chere.Andrel@yopmail.com,Chere.Andrel@gmail.com,police officer
401,Olwen,Lasley,Olwen.Lasley@yopmail.com,Olwen.Lasley@gmail.com,worker
402,Chastity,Esmaria,Chastity.Esmaria@yopmail.com,Chastity.Esmaria@gmail.com,police officer
403,Rhoda,Quinn,Rhoda.Quinn@yopmail.com,Rhoda.Quinn@gmail.com,doctor
404,Janis,Chapland,Janis.Chapland@yopmail.com,Janis.Chapland@gmail.com,police officer
405,Asia,Bord,Asia.Bord@yopmail.com,Asia.Bord@gmail.com,developer
406,Brianna,Pip,Brianna.Pip@yopmail.com,Brianna.Pip@gmail.com,developer
407,Madalyn,Kravits,Madalyn.Kravits@yopmail.com,Madalyn.Kravits@gmail.com,developer
408,Karly,Cordi,Karly.Cordi@yopmail.com,Karly.Cordi@gmail.com,developer
409,Trudie,Crudden,Trudie.Crudden@yopmail.com,Trudie.Crudden@gmail.com,worker
410,Lelah,Agle,Lelah.Agle@yopmail.com,Lelah.Agle@gmail.com,firefighter
411,Corry,Remmer,Corry.Remmer@yopmail.com,Corry.Remmer@gmail.com,developer
412,Alex,Tremayne,Alex.Tremayne@yopmail.com,Alex.Tremayne@gmail.com,police officer
413,Elie,Zina,Elie.Zina@yopmail.com,Elie.Zina@gmail.com,firefighter
414,Alyssa,Felizio,Alyssa.Felizio@yopmail.com,Alyssa.Felizio@gmail.com,police officer
415,Daphne,Kathie,Daphne.Kathie@yopmail.com,Daphne.Kathie@gmail.com,doctor
416,Tami,Kathie,Tami.Kathie@yopmail.com,Tami.Kathie@gmail.com,developer
417,Elora,Autrey,Elora.Autrey@yopmail.com,Elora.Autrey@gmail.com,police officer
418,Ofilia,Durware,Ofilia.Durware@yopmail.com,Ofilia.Durware@gmail.com,worker
419,Maryellen,Meli,Maryellen.Meli@yopmail.com,Maryellen.Meli@gmail.com,firefighter
420,Nyssa,Mallon,Nyssa.Mallon@yopmail.com,Nyssa.Mallon@gmail.com,doctor
421,Elie,Jess,Elie.Jess@yopmail.com,Elie.Jess@gmail.com,worker
422,Bobbi,Velick,Bobbi.Velick@yopmail.com,Bobbi.Velick@gmail.com,firefighter
423,Averyl,Wyn,Averyl.Wyn@yopmail.com,Averyl.Wyn@gmail.com,firefighter
424,Maye,Vins,Maye.Vins@yopmail.com,Maye.Vins@gmail.com,doctor
425,Madalyn,Latini,Madalyn.Latini@yopmail.com,Madalyn.Latini@gmail.com,worker
426,Meriel,Gherardo,Meriel.Gherardo@yopmail.com,Meriel.Gherardo@gmail.com,police officer
427,Emelina,Fancie,Emelina.Fancie@yopmail.com,Emelina.Fancie@gmail.com,police officer
428,Shaylyn,Malina,Shaylyn.Malina@yopmail.com,Shaylyn.Malina@gmail.com,firefighter
429,Mady,Mitzi,Mady.Mitzi@yopmail.com,Mady.Mitzi@gmail.com,doctor
430,Gloria,Jerald,Gloria.Jerald@yopmail.com,Gloria.Jerald@gmail.com,developer
431,Teddie,Trinetta,Teddie.Trinetta@yopmail.com,Teddie.Trinetta@gmail.com,doctor
432,Konstance,Bury,Konstance.Bury@yopmail.com,Konstance.Bury@gmail.com,police officer
433,Molli,Zamora,Molli.Zamora@yopmail.com,Molli.Zamora@gmail.com,police officer
434,Charmaine,Halsey,Charmaine.Halsey@yopmail.com,Charmaine.Halsey@gmail.com,firefighter
435,Vevay,Kauppi,Vevay.Kauppi@yopmail.com,Vevay.Kauppi@gmail.com,police officer
436,Sallie,Naashom,Sallie.Naashom@yopmail.com,Sallie.Naashom@gmail.com,firefighter
437,Hayley,Hebner,Hayley.Hebner@yopmail.com,Hayley.Hebner@gmail.com,police officer
438,Hermione,Drisko,Hermione.Drisko@yopmail.com,Hermione.Drisko@gmail.com,developer
439,Teddie,Hebner,Teddie.Hebner@yopmail.com,Teddie.Hebner@gmail.com,doctor
440,Britni,Lane,Britni.Lane@yopmail.com,Britni.Lane@gmail.com,firefighter
441,Andree,Bury,Andree.Bury@yopmail.com,Andree.Bury@gmail.com,developer
442,Orelia,Izaak,Orelia.Izaak@yopmail.com,Orelia.Izaak@gmail.com,doctor
443,Kara-Lynn,Isidore,Kara-Lynn.Isidore@yopmail.com,Kara-Lynn.Isidore@gmail.com,doctor
444,Cassandra,Primalia,Cassandra.Primalia@yopmail.com,Cassandra.Primalia@gmail.com,developer
445,Lizzie,Bertold,Lizzie.Bertold@yopmail.com,Lizzie.Bertold@gmail.com,doctor
446,Correy,Bonucci,Correy.Bonucci@yopmail.com,Correy.Bonucci@gmail.com,worker
447,Damaris,Cottle,Damaris.Cottle@yopmail.com,Damaris.Cottle@gmail.com,developer
448,Margarette,Alrich,Margarette.Alrich@yopmail.com,Margarette.Alrich@gmail.com,developer
449,Brana,Moina,Brana.Moina@yopmail.com,Brana.Moina@gmail.com,developer
450,Jacquetta,Phyllis,Jacquetta.Phyllis@yopmail.com,Jacquetta.Phyllis@gmail.com,worker
451,Sabina,Cassius,Sabina.Cassius@yopmail.com,Sabina.Cassius@gmail.com,worker
452,Joeann,Janene,Joeann.Janene@yopmail.com,Joeann.Janene@gmail.com,worker
453,Emilia,Idelia,Emilia.Idelia@yopmail.com,Emilia.Idelia@gmail.com,doctor
454,Arabel,Drus,Arabel.Drus@yopmail.com,Arabel.Drus@gmail.com,police officer
455,Bernie,Brian,Bernie.Brian@yopmail.com,Bernie.Brian@gmail.com,firefighter
456,Berget,Charity,Berget.Charity@yopmail.com,Berget.Charity@gmail.com,firefighter
457,Sherrie,Zachary,Sherrie.Zachary@yopmail.com,Sherrie.Zachary@gmail.com,police officer
458,Adriana,Hurley,Adriana.Hurley@yopmail.com,Adriana.Hurley@gmail.com,worker
459,Ariela,Kirbee,Ariela.Kirbee@yopmail.com,Ariela.Kirbee@gmail.com,police officer
460,Laurene,Tippets,Laurene.Tippets@yopmail.com,Laurene.Tippets@gmail.com,developer
461,Carree,Wandie,Carree.Wandie@yopmail.com,Carree.Wandie@gmail.com,police officer
462,Kirstin,Gordon,Kirstin.Gordon@yopmail.com,Kirstin.Gordon@gmail.com,police officer
463,Shirlee,Modie,Shirlee.Modie@yopmail.com,Shirlee.Modie@gmail.com,police officer
464,Eolanda,Ezar,Eolanda.Ezar@yopmail.com,Eolanda.Ezar@gmail.com,police officer
465,Gisela,Ophelia,Gisela.Ophelia@yopmail.com,Gisela.Ophelia@gmail.com,developer
466,Rozele,Peti,Rozele.Peti@yopmail.com,Rozele.Peti@gmail.com,doctor
467,Noelle,Roarke,Noelle.Roarke@yopmail.com,Noelle.Roarke@gmail.com,police officer
468,Angela,Carri,Angela.Carri@yopmail.com,Angela.Carri@gmail.com,police officer
469,Beverley,Viddah,Beverley.Viddah@yopmail.com,Beverley.Viddah@gmail.com,developer
470,Anthia,Virgin,Anthia.Virgin@yopmail.com,Anthia.Virgin@gmail.com,police officer
471,Berta,Erskine,Berta.Erskine@yopmail.com,Berta.Erskine@gmail.com,developer
472,Corry,Willie,Corry.Willie@yopmail.com,Corry.Willie@gmail.com,worker
473,Alex,Ummersen,Alex.Ummersen@yopmail.com,Alex.Ummersen@gmail.com,doctor
474,Siana,Libna,Siana.Libna@yopmail.com,Siana.Libna@gmail.com,police officer
475,Janenna,Jary,Janenna.Jary@yopmail.com,Janenna.Jary@gmail.com,developer
476,Aeriela,Jalbert,Aeriela.Jalbert@yopmail.com,Aeriela.Jalbert@gmail.com,developer
477,Randa,Letsou,Randa.Letsou@yopmail.com,Randa.Letsou@gmail.com,firefighter
478,Marcelline,Ambrosia,Marcelline.Ambrosia@yopmail.com,Marcelline.Ambrosia@gmail.com,developer
479,Robbi,Sabella,Robbi.Sabella@yopmail.com,Robbi.Sabella@gmail.com,worker
480,Daphne,Anestassia,Daphne.Anestassia@yopmail.com,Daphne.Anestassia@gmail.com,doctor
481,Clo,Donell,Clo.Donell@yopmail.com,Clo.Donell@gmail.com,doctor
482,Sean,Lewes,Sean.Lewes@yopmail.com,Sean.Lewes@gmail.com,worker
483,Myriam,Tacye,Myriam.Tacye@yopmail.com,Myriam.Tacye@gmail.com,developer
484,Karena,Wind,Karena.Wind@yopmail.com,Karena.Wind@gmail.com,police officer
485,Randa,Phyllis,Randa.Phyllis@yopmail.com,Randa.Phyllis@gmail.com,developer
486,Edith,Ferrell,Edith.Ferrell@yopmail.com,Edith.Ferrell@gmail.com,firefighter
487,Averyl,Juan,Averyl.Juan@yopmail.com,Averyl.Juan@gmail.com,worker
488,Eadie,Thar,Eadie.Thar@yopmail.com,Eadie.Thar@gmail.com,worker
489,Binny,Alejoa,Binny.Alejoa@yopmail.com,Binny.Alejoa@gmail.com,doctor
490,Jacquetta,Olnee,Jacquetta.Olnee@yopmail.com,Jacquetta.Olnee@gmail.com,worker
491,Carol-Jean,Tippets,Carol-Jean.Tippets@yopmail.com,Carol-Jean.Tippets@gmail.com,doctor
492,Joelly,Irmine,Joelly.Irmine@yopmail.com,Joelly.Irmine@gmail.com,police officer
493,Bee,Dawkins,Bee.Dawkins@yopmail.com,Bee.Dawkins@gmail.com,doctor
494,Anica,Lipson,Anica.Lipson@yopmail.com,Anica.Lipson@gmail.com,firefighter
495,Nita,Cloris,Nita.Cloris@yopmail.com,Nita.Cloris@gmail.com,worker
496,Amelia,Odysseus,Amelia.Odysseus@yopmail.com,Amelia.Odysseus@gmail.com,developer
497,Ann-Marie,Sawtelle,Ann-Marie.Sawtelle@yopmail.com,Ann-Marie.Sawtelle@gmail.com,worker
498,Jordan,Roxanna,Jordan.Roxanna@yopmail.com,Jordan.Roxanna@gmail.com,police officer
499,Louella,Malanie,Louella.Malanie@yopmail.com,Louella.Malanie@gmail.com,developer
500,Ashlee,Fabiola,Ashlee.Fabiola@yopmail.com,Ashlee.Fabiola@gmail.com,doctor
501,Frieda,Gerge,Frieda.Gerge@yopmail.com,Frieda.Gerge@gmail.com,doctor
502,Leia,Swigart,Leia.Swigart@yopmail.com,Leia.Swigart@gmail.com,firefighter
503,Eugine,Neils,Eugine.Neils@yopmail.com,Eugine.Neils@gmail.com,doctor
504,Kamilah,Rosette,Kamilah.Rosette@yopmail.com,Kamilah.Rosette@gmail.com,firefighter
505,Belva,Publia,Belva.Publia@yopmail.com,Belva.Publia@gmail.com,developer
506,Meriel,Nore,Meriel.Nore@yopmail.com,Meriel.Nore@gmail.com,developer
507,Ann-Marie,Phaidra,Ann-Marie.Phaidra@yopmail.com,Ann-Marie.Phaidra@gmail.com,firefighter
508,Ginnie,Johnsson,Ginnie.Johnsson@yopmail.com,Ginnie.Johnsson@gmail.com,developer
509,Mureil,Brandice,Mureil.Brandice@yopmail.com,Mureil.Brandice@gmail.com,police officer
510,Sashenka,Jorgan,Sashenka.Jorgan@yopmail.com,Sashenka.Jorgan@gmail.com,worker
511,Deirdre,Oster,Deirdre.Oster@yopmail.com,Deirdre.Oster@gmail.com,doctor
512,Misha,Reinke,Misha.Reinke@yopmail.com,Misha.Reinke@gmail.com,developer
513,Vonny,Fancie,Vonny.Fancie@yopmail.com,Vonny.Fancie@gmail.com,doctor
514,Lanae,Drisko,Lanae.Drisko@yopmail.com,Lanae.Drisko@gmail.com,firefighter
515,Inga,Kalinda,Inga.Kalinda@yopmail.com,Inga.Kalinda@gmail.com,firefighter
516,Mamie,Jagir,Mamie.Jagir@yopmail.com,Mamie.Jagir@gmail.com,doctor
517,Cristabel,Lareena,Cristabel.Lareena@yopmail.com,Cristabel.Lareena@gmail.com,police officer
518,Brena,Gordon,Brena.Gordon@yopmail.com,Brena.Gordon@gmail.com,doctor
519,Wanda,Hieronymus,Wanda.Hieronymus@yopmail.com,Wanda.Hieronymus@gmail.com,police officer
520,Sallie,My,Sallie.My@yopmail.com,Sallie.My@gmail.com,developer
521,Edee,Deny,Edee.Deny@yopmail.com,Edee.Deny@gmail.com,worker
522,Audrie,Annice,Audrie.Annice@yopmail.com,Audrie.Annice@gmail.com,worker
523,Regina,Claudine,Regina.Claudine@yopmail.com,Regina.Claudine@gmail.com,worker
524,Zsa Zsa,Cutlerr,Zsa Zsa.Cutlerr@yopmail.com,Zsa Zsa.Cutlerr@gmail.com,doctor
525,Cacilie,Ferrell,Cacilie.Ferrell@yopmail.com,Cacilie.Ferrell@gmail.com,doctor
526,Dianemarie,Colyer,Dianemarie.Colyer@yopmail.com,Dianemarie.Colyer@gmail.com,doctor
527,Chere,Seessel,Chere.Seessel@yopmail.com,Chere.Seessel@gmail.com,firefighter
528,Josephine,Othilia,Josephine.Othilia@yopmail.com,Josephine.Othilia@gmail.com,doctor
529,Brena,Stelle,Brena.Stelle@yopmail.com,Brena.Stelle@gmail.com,doctor
530,Frieda,Ochs,Frieda.Ochs@yopmail.com,Frieda.Ochs@gmail.com,police officer
531,Dennie,Zetta,Dennie.Zetta@yopmail.com,Dennie.Zetta@gmail.com,firefighter
532,Maridel,Malina,Maridel.Malina@yopmail.com,Maridel.Malina@gmail.com,police officer
533,Miquela,Marsden,Miquela.Marsden@yopmail.com,Miquela.Marsden@gmail.com,developer
534,Nonnah,Erminia,Nonnah.Erminia@yopmail.com,Nonnah.Erminia@gmail.com,firefighter
535,Raf,Byrne,Raf.Byrne@yopmail.com,Raf.Byrne@gmail.com,developer
536,Michaelina,Demitria,Michaelina.Demitria@yopmail.com,Michaelina.Demitria@gmail.com,doctor
537,Annora,Bendick,Annora.Bendick@yopmail.com,Annora.Bendick@gmail.com,firefighter
538,Aaren,Loeb,Aaren.Loeb@yopmail.com,Aaren.Loeb@gmail.com,police officer
539,Ilse,Destinee,Ilse.Destinee@yopmail.com,Ilse.Destinee@gmail.com,police officer
540,Susan,Stevy,Susan.Stevy@yopmail.com,Susan.Stevy@gmail.com,developer
541,Sashenka,Ammann,Sashenka.Ammann@yopmail.com,Sashenka.Ammann@gmail.com,firefighter
542,Philis,Tengdin,Philis.Tengdin@yopmail.com,Philis.Tengdin@gmail.com,police officer
543,Asia,Lindemann,Asia.Lindemann@yopmail.com,Asia.Lindemann@gmail.com,developer
544,Tabbatha,Chandler,Tabbatha.Chandler@yopmail.com,Tabbatha.Chandler@gmail.com,firefighter
545,Sheelagh,Bronk,Sheelagh.Bronk@yopmail.com,Sheelagh.Bronk@gmail.com,doctor
546,Johna,Croix,Johna.Croix@yopmail.com,Johna.Croix@gmail.com,worker
547,Jorry,Hutchison,Jorry.Hutchison@yopmail.com,Jorry.Hutchison@gmail.com,firefighter
548,Clementine,Lilybelle,Clementine.Lilybelle@yopmail.com,Clementine.Lilybelle@gmail.com,worker
549,Gaylene,Lea,Gaylene.Lea@yopmail.com,Gaylene.Lea@gmail.com,police officer
550,Ginnie,Dichy,Ginnie.Dichy@yopmail.com,Ginnie.Dichy@gmail.com,police officer
551,Moyna,Bethany,Moyna.Bethany@yopmail.com,Moyna.Bethany@gmail.com,doctor
552,Sindee,Natica,Sindee.Natica@yopmail.com,Sindee.Natica@gmail.com,police officer
553,Louella,Sammons,Louella.Sammons@yopmail.com,Louella.Sammons@gmail.com,firefighter
554,Merry,Tristram,Merry.Tristram@yopmail.com,Merry.Tristram@gmail.com,doctor
555,Bernie,Damarra,Bernie.Damarra@yopmail.com,Bernie.Damarra@gmail.com,developer
556,Rebeca,Florina,Rebeca.Florina@yopmail.com,Rebeca.Florina@gmail.com,police officer
557,Kellen,Cristi,Kellen.Cristi@yopmail.com,Kellen.Cristi@gmail.com,worker
558,Merry,Chabot,Merry.Chabot@yopmail.com,Merry.Chabot@gmail.com,police officer
559,Stacey,Blase,Stacey.Blase@yopmail.com,Stacey.Blase@gmail.com,developer
560,Emilia,Michella,Emilia.Michella@yopmail.com,Emilia.Michella@gmail.com,worker
561,Merle,Hessler,Merle.Hessler@yopmail.com,Merle.Hessler@gmail.com,worker
562,Kylynn,Bord,Kylynn.Bord@yopmail.com,Kylynn.Bord@gmail.com,doctor
563,Donnie,Lea,Donnie.Lea@yopmail.com,Donnie.Lea@gmail.com,firefighter
564,Joleen,Alabaster,Joleen.Alabaster@yopmail.com,Joleen.Alabaster@gmail.com,worker
565,Devina,Natalia,Devina.Natalia@yopmail.com,Devina.Natalia@gmail.com,police officer
566,Althea,Halsey,Althea.Halsey@yopmail.com,Althea.Halsey@gmail.com,police officer
567,Mara,Prouty,Mara.Prouty@yopmail.com,Mara.Prouty@gmail.com,firefighter
568,Claudina,Havens,Claudina.Havens@yopmail.com,Claudina.Havens@gmail.com,doctor
569,Fred,Lilybelle,Fred.Lilybelle@yopmail.com,Fred.Lilybelle@gmail.com,worker
570,Jorry,Darbie,Jorry.Darbie@yopmail.com,Jorry.Darbie@gmail.com,worker
571,Cyb,Horan,Cyb.Horan@yopmail.com,Cyb.Horan@gmail.com,firefighter
572,Ursulina,Cleo,Ursulina.Cleo@yopmail.com,Ursulina.Cleo@gmail.com,worker
573,Margarette,Dearborn,Margarette.Dearborn@yopmail.com,Margarette.Dearborn@gmail.com,doctor
574,Lanae,Hortensia,Lanae.Hortensia@yopmail.com,Lanae.Hortensia@gmail.com,firefighter
575,Jasmina,Rodmann,Jasmina.Rodmann@yopmail.com,Jasmina.Rodmann@gmail.com,worker
576,Madeleine,Lipson,Madeleine.Lipson@yopmail.com,Madeleine.Lipson@gmail.com,doctor
577,Teriann,Orpah,Teriann.Orpah@yopmail.com,Teriann.Orpah@gmail.com,worker
578,Helsa,Shaddock,Helsa.Shaddock@yopmail.com,Helsa.Shaddock@gmail.com,doctor
579,Giustina,Nahum,Giustina.Nahum@yopmail.com,Giustina.Nahum@gmail.com,police officer
580,Flory,Milde,Flory.Milde@yopmail.com,Flory.Milde@gmail.com,developer
581,Ilse,Abbot,Ilse.Abbot@yopmail.com,Ilse.Abbot@gmail.com,developer
582,Lilith,Wilona,Lilith.Wilona@yopmail.com,Lilith.Wilona@gmail.com,doctor
583,Brandise,Daniele,Brandise.Daniele@yopmail.com,Brandise.Daniele@gmail.com,developer
584,Gloria,Oneida,Gloria.Oneida@yopmail.com,Gloria.Oneida@gmail.com,worker
585,Therine,Kauppi,Therine.Kauppi@yopmail.com,Therine.Kauppi@gmail.com,doctor
586,Dotty,Raffo,Dotty.Raffo@yopmail.com,Dotty.Raffo@gmail.com,police officer
587,Kary,Ellerey,Kary.Ellerey@yopmail.com,Kary.Ellerey@gmail.com,doctor
588,Sabina,Gemini,Sabina.Gemini@yopmail.com,Sabina.Gemini@gmail.com,worker
589,Elfreda,Saint,Elfreda.Saint@yopmail.com,Elfreda.Saint@gmail.com,firefighter
590,Marylou,Audly,Marylou.Audly@yopmail.com,Marylou.Audly@gmail.com,developer
591,Beverley,Brittani,Beverley.Brittani@yopmail.com,Beverley.Brittani@gmail.com,doctor
592,Corry,Lacombe,Corry.Lacombe@yopmail.com,Corry.Lacombe@gmail.com,developer
593,Ursulina,Creamer,Ursulina.Creamer@yopmail.com,Ursulina.Creamer@gmail.com,developer
594,Janenna,Leler,Janenna.Leler@yopmail.com,Janenna.Leler@gmail.com,firefighter
595,Deirdre,Keelia,Deirdre.Keelia@yopmail.com,Deirdre.Keelia@gmail.com,worker
596,Jordan,Myrilla,Jordan.Myrilla@yopmail.com,Jordan.Myrilla@gmail.com,police officer
597,Caritta,Nelsen,Caritta.Nelsen@yopmail.com,Caritta.Nelsen@gmail.com,doctor
598,Ericka,Dielu,Ericka.Dielu@yopmail.com,Ericka.Dielu@gmail.com,worker
599,Delilah,Amadas,Delilah.Amadas@yopmail.com,Delilah.Amadas@gmail.com,doctor